<?xml version="1.0" encoding="utf-8"?>
<!--DO NOT EDIT THIS FILE MANUALLY.
DO NOT COMMIT THIS FILE TO THE VERSION CONTROL.

This file is automatically generated to describe the directory contents.
This way we can access the directory information quicker,
and we can search data files regardless if the OS API allows it.
-->
<directory_information>
  <directory>
    <directory name="icons">
      <directory name="unused">
        <file name="help-circle.svg" size="365"/>
        <file name="navigation-2.svg" size="279"/>
        <file name="heart.svg" size="371"/>
        <file name="menu.svg" size="346"/>
      </directory>
      <file name="settings.png" size="1143"/>
      <file name="move.png" size="601"/>
      <file name="navigation.png" size="749"/>
      <file name="info.svg" size="347"/>
      <file name="image.svg" size="369"/>
      <file name="settings.svg" size="1011"/>
      <file name="file.svg" size="337"/>
      <file name="move.svg" size="486"/>
      <file name="heart.png" size="763"/>
      <file name="info.png" size="872"/>
      <file name="image.png" size="757"/>
      <file name="navigation.svg" size="277"/>
      <file name="Makefile" size="439"/>
      <file name="file.png" size="530"/>
      <file name="play-circle.png" size="884"/>
      <file name="AUTHORS.md" size="122"/>
      <file name="play-circle.svg" size="313"/>
      <file name="heart.svg" size="371"/>
    </directory>
    <directory name="auto_generated"/>
    <directory name="demo">
      <directory name="quaternius_monsters">
        <file name="Bunny.gltf" size="1427684"/>
        <file name="AUTHORS.txt" size="159"/>
      </directory>
      <directory name="ifc">
        <file name="house_floors.ifc" size="128826"/>
        <file name="house_floors.ifcjson" size="979768"/>
        <file name="house_floors_viewpoints.x3dv" size="2328"/>
      </directory>
      <directory name="dungeon">
        <directory name="skies">
          <file name="sunset_neg_x_left.png" size="109067"/>
          <file name="sunset_neg_z_back.png" size="159024"/>
          <file name="sunset_pos_y_top.png" size="148331"/>
          <file name="sunset_neg_y_bottom.png" size="67350"/>
          <file name="sunset_pos_x_right.png" size="130494"/>
          <file name="sunset_pos_z_front.png" size="130377"/>
        </directory>
        <directory name="textures">
          <file name="Tappeto_baseColor.png" size="251720"/>
          <file name="Material.010_baseColor.png" size="127221"/>
          <file name="Libro4_baseColor.jpeg" size="1691224"/>
          <file name="Cylinder__0_baseColor.png" size="29488"/>
          <file name="paper_baseColor.jpeg" size="548525"/>
          <file name="Assi_Legno_baseColor.png" size="209519"/>
          <file name="Material.009_baseColor.jpeg" size="715489"/>
          <file name="Libro3_baseColor.jpeg" size="911808"/>
          <file name="Material.011_baseColor.png" size="799653"/>
          <file name="Libro1_baseColor.jpeg" size="586244"/>
          <file name="PavimentoCella_baseColor.jpeg" size="52179"/>
          <file name="Libro2_baseColor.jpeg" size="3419647"/>
          <file name="Libro7_baseColor.jpeg" size="929103"/>
          <file name="Material.014_baseColor.png" size="758325"/>
          <file name="MuroPietra_baseColor.png" size="148476"/>
          <file name="Material.017_baseColor.png" size="129510"/>
          <file name="Libro6_baseColor.jpeg" size="995319"/>
          <file name="MuroMattoni_baseColor.png" size="1248719"/>
          <file name="Material.002_baseColor.png" size="215144"/>
          <file name="Cotone_baseColor.png" size="164595"/>
          <file name="PavimentoPietre_baseColor.jpeg" size="450664"/>
          <file name="Material.004_baseColor.jpeg" size="246505"/>
          <file name="Libro5_baseColor.jpeg" size="3113666"/>
        </directory>
        <file name="dungeon_simplified.gltf" size="139501"/>
        <file name="scene.gltf" size="807633"/>
        <file name="scene.bin" size="7020904"/>
        <file name="dungeon_simplified.bin" size="2062552"/>
        <file name="license.txt" size="672"/>
      </directory>
      <directory name="dragon-spine">
        <file name="dragon.atlas" size="2694"/>
        <file name="dragon.json" size="70782"/>
        <file name="dragon.png" size="106512"/>
        <file name="README.txt" size="336"/>
      </directory>
      <file name="teapot_time.x3dv" size="3230"/>
      <file name="needs_download_network_resources.x3dv" size="1899"/>
      <file name="dungeon_final.x3dv" size="4803"/>
      <file name="steampunk_underwater_explorer.glb" size="17073640"/>
      <file name="teapot_fresnel_toon.x3dv" size="2370"/>
      <file name="dragon_spine_final.x3dv" size="412"/>
      <file name="cat_murdered_soul_suspect.glb" size="2267152"/>
      <file name="cat_final.x3dv" size="1675"/>
      <file name="AUTHORS.md" size="840"/>
    </directory>
    <directory name="navigation">
      <file name="examine.png" size="610"/>
      <file name="examine.svg" size="3707"/>
      <file name="walk.png" size="479"/>
      <file name="fly.png" size="491"/>
      <file name="fly.svg" size="6040"/>
      <file name="2d.svg" size="2432"/>
      <file name="2d.png" size="260"/>
      <file name="walk.svg" size="4073"/>
    </directory>
    <file name="gameviewchoice.castle-user-interface" size="25073"/>
    <file name="gameviewfiles.castle-user-interface" size="15105"/>
    <file name="gameviewoptions.castle-user-interface" size="35722"/>
    <file name="theme_window.png" size="151"/>
    <file name="gameviewdisplayscene.castle-user-interface" size="15647"/>
    <file name="gameviewnavigation.castle-user-interface" size="58428"/>
    <file name="CastleSettings.xml" size="306"/>
    <file name="castle_game_engine_icon.png" size="13655"/>
    <file name="check.png" size="5051"/>
    <file name="gameviewabout.castle-user-interface" size="45805"/>
  </directory>
</directory_information>
