{"skeleton":{"hash":"OcZxRG7PTiR9L3q0NyFiHXPAUlM","spine":"2.1.07","width":2456.4,"height":2013.66,"images":"./hejo/"},"bones":[{"name":"root"},{"name":"bone","parent":"root","length":204.29,"x":4.5,"y":3.99,"rotation":-4.26},{"name":"bone2","parent":"root","x":125.5,"y":-138},{"name":"bone4","parent":"root","length":167.83,"x":-3.49,"y":2,"rotation":145.13},{"name":"bone12","parent":"bone4","length":217.44,"x":160.18,"y":-26.53,"rotation":89.52},{"name":"bone14","parent":"bone4","length":223.51,"x":243.81,"y":8.75,"rotation":137.14},{"name":"bone24","parent":"bone","length":241.25,"x":337.3,"y":84.42,"rotation":-105.82},{"name":"bone26","parent":"bone4","length":64.56,"x":101.36,"y":-53.71,"rotation":-80.17},{"name":"bone3","parent":"bone2","x":-3.99,"y":142.99},{"name":"bone41","parent":"bone","length":241.25,"x":249.43,"y":67.58,"scaleX":0.913,"scaleY":0.913,"rotation":-105.82},{"name":"bone5","parent":"bone4","length":167.43,"x":221,"y":-4.02,"scaleX":0.671,"scaleY":0.671,"rotation":-41.34},{"name":"bone51","parent":"bone","length":100.97,"x":372.79,"y":153.22,"scaleX":1.243,"rotation":27.46},{"name":"bone13","parent":"bone12","length":277.54,"x":213.68,"y":-5.87,"rotation":-87.81},{"name":"bone15","parent":"bone14","length":239.39,"x":222.6,"y":0.5,"rotation":-78.42},{"name":"bone25","parent":"bone24","length":190.05,"x":242.95,"y":0.61,"rotation":76.28},{"name":"bone27","parent":"bone26","length":446.97,"x":69.91,"y":-2.28,"rotation":-55.66},{"name":"bone34","parent":"bone26","length":446.97,"x":114.3,"y":55.87,"scaleX":0.954,"scaleY":0.954,"rotation":17.05},{"name":"bone42","parent":"bone41","length":190.05,"x":242.95,"y":0.61,"rotation":31.88},{"name":"bone52","parent":"bone51","length":93.59,"x":100.97,"y":0.48,"rotation":-6.29},{"name":"bone6","parent":"bone5","length":160.45,"x":171.58,"y":4.68,"rotation":-22.02},{"name":"bone16","parent":"bone13","length":68.65,"x":306.39,"y":-16.07,"rotation":14.14},{"name":"bone17","parent":"bone13","length":72.01,"x":297.21,"y":2.45,"rotation":29.55},{"name":"bone18","parent":"bone13","length":55.98,"x":282.15,"y":16.56,"rotation":50.73},{"name":"bone19","parent":"bone13","length":49.47,"x":256.19,"y":7.59,"rotation":59.1},{"name":"bone20","parent":"bone15","length":66.15,"x":194.34,"y":5.55,"rotation":72.92},{"name":"bone21","parent":"bone15","length":84.67,"x":242.13,"y":1.79,"rotation":39.58},{"name":"bone22","parent":"bone15","length":93.16,"x":246.52,"y":-20.48,"rotation":30.56},{"name":"bone23","parent":"bone15","length":75.18,"x":256.73,"y":-36.53,"rotation":34.1},{"name":"bone28","parent":"bone27","length":443.59,"x":442.89,"y":3.01,"rotation":100.52},{"name":"bone35","parent":"bone34","length":443.59,"x":442.89,"y":3.01,"rotation":100.52},{"name":"bone43","parent":"bone42","length":91.81,"x":198.9,"y":-0.07,"rotation":-27.64},{"name":"bone47","parent":"bone25","length":107.46,"x":216.78,"y":3.37,"rotation":-42.65},{"name":"bone53","parent":"bone52","length":95.09,"x":93.59,"y":-0.68,"rotation":-1.8},{"name":"bone7","parent":"bone6","length":215.42,"x":148.16,"y":-0.89,"scaleX":1.142,"scaleY":1.142,"rotation":34.5},{"name":"bone29","parent":"bone28","length":519.84,"x":319.89,"y":-20.93,"rotation":-86.57},{"name":"bone30","parent":"bone28","length":600.75,"x":219.72,"y":-58.45,"rotation":-105.07},{"name":"bone31","parent":"bone28","length":563.91,"x":102.91,"y":-48.96,"rotation":-119.7},{"name":"bone32","parent":"bone28","length":484.88,"x":22.27,"y":-55.93,"rotation":-123.35},{"name":"bone33","parent":"bone28","length":568.08,"x":398.87,"y":-14.38,"rotation":-74.17},{"name":"bone36","parent":"bone35","length":519.84,"x":319.89,"y":-20.93,"rotation":-86.57},{"name":"bone37","parent":"bone35","length":600.75,"x":219.72,"y":-58.45,"rotation":-105.07},{"name":"bone38","parent":"bone35","length":563.91,"x":102.91,"y":-48.96,"rotation":-119.7},{"name":"bone39","parent":"bone35","length":484.88,"x":22.27,"y":-55.93,"rotation":-123.35},{"name":"bone40","parent":"bone35","length":568.08,"x":398.87,"y":-14.38,"rotation":-74.17},{"name":"bone44","parent":"bone43","length":79.59,"x":96.33,"y":4.94,"rotation":10.7},{"name":"bone45","parent":"bone43","length":82.45,"x":89.14,"y":-11.22,"rotation":2.7},{"name":"bone46","parent":"bone43","length":76.67,"x":83.97,"y":-30.35,"rotation":2.7},{"name":"bone48","parent":"bone47","length":93.65,"x":94.22,"y":19.88,"rotation":6.29},{"name":"bone49","parent":"bone47","length":82.63,"x":108.25,"y":-5.85,"rotation":-0.9},{"name":"bone50","parent":"bone47","length":77.8,"x":106.87,"y":-20.42,"rotation":-9.46},{"name":"bone54","parent":"bone53","length":67.59,"x":95.98,"y":-0.68,"rotation":-2.7},{"name":"bone8","parent":"bone7","length":148.88,"x":233.77,"y":12.49,"rotation":104.58},{"name":"bone10","parent":"bone8","length":172.27,"x":15.87,"y":3.4,"rotation":19.1},{"name":"bone11","parent":"bone8","length":179.83,"x":-10.53,"y":-5.72,"rotation":-172.81},{"name":"bone55","parent":"bone54","length":53.02,"x":67.59,"y":-0.22,"rotation":-6.34},{"name":"bone9","parent":"bone8","length":214.7,"x":4.2,"y":2.97,"rotation":37.36},{"name":"bone56","parent":"bone55","length":41.41,"x":53.02,"y":-0.17,"rotation":-6.34},{"name":"bone57","parent":"bone56","length":39.59,"x":41.41,"y":-0.31,"rotation":-4.5},{"name":"bone58","parent":"bone57","length":32.05,"x":39.5,"y":0.2,"rotation":-4.05},{"name":"bone59","parent":"bone58","length":50.28,"x":32.05,"y":-0.14,"rotation":11.56}],"slots":[{"name":"claw21","bone":"bone46","attachment":"claw"},{"name":"claw12","bone":"root"},{"name":"oot_4","bone":"bone43","attachment":"oot_1"},{"name":"oot_2","bone":"root"},{"name":"leg_6","bone":"bone42","attachment":"leg_2"},{"name":"leg_5","bone":"bone41","attachment":"leg_1"},{"name":"wing_7","bone":"bone35"},{"name":"wing_feather15","bone":"bone39","attachment":"wing_feather1"},{"name":"wing_feather14","bone":"bone38","attachment":"wing_feather2"},{"name":"wing_feather13","bone":"bone37","attachment":"wing_feather3"},{"name":"wing_feather12","bone":"bone36","attachment":"wing_feather4"},{"name":"claws_thumb2","bone":"bone19","attachment":"claws_thumb"},{"name":"claws_thumb","bone":"root"},{"name":"claw9","bone":"bone23","attachment":"claw"},{"name":"claw4","bone":"root"},{"name":"claw5","bone":"root"},{"name":"claw6","bone":"root"},{"name":"claws_thumb3","bone":"root"},{"name":"wing_feather17","bone":"bone40","attachment":"wing_feather3"},{"name":"wing_5","bone":"bone34","attachment":"wing_1"},{"name":"hand_3","bone":"bone14","attachment":"hand_2"},{"name":"hand_4","bone":"bone15","attachment":"hand_1"},{"name":"claws_thumb4","bone":"bone20","attachment":"claws_thumb"},{"name":"claw8","bone":"bone22","attachment":"claw"},{"name":"claw7","bone":"bone21","attachment":"claw"},{"name":"body_2","bone":"bone","attachment":"body_2"},{"name":"tail_big2","bone":"bone51","attachment":"tail_big"},{"name":"tail_big","bone":"root"},{"name":"tail_medium14","bone":"bone52","attachment":"tail_medium"},{"name":"tail_medium","bone":"root"},{"name":"tail_medium13","bone":"bone53","attachment":"tail_medium"},{"name":"tail_medium2","bone":"root"},{"name":"tail_medium12","bone":"bone54","attachment":"tail_medium"},{"name":"tail_medium3","bone":"root"},{"name":"tail_medium11","bone":"bone55","attachment":"tail_medium"},{"name":"tail_medium4","bone":"root"},{"name":"tail_medium10","bone":"bone56","attachment":"tail_medium"},{"name":"tail_medium5","bone":"root"},{"name":"tail_medium9","bone":"bone57","attachment":"tail_medium"},{"name":"tail_medium6","bone":"root"},{"name":"tail_medium8","bone":"bone58","attachment":"tail_medium"},{"name":"tail_medium7","bone":"root"},{"name":"tail_small2","bone":"bone59","attachment":"tail_small"},{"name":"tail_small","bone":"bone59"},{"name":"wing_6","bone":"bone35","attachment":"wing_2"},{"name":"claw18","bone":"bone50","attachment":"claw"},{"name":"claw13","bone":"root"},{"name":"oot_3","bone":"bone47","attachment":"oot_1"},{"name":"oot_1","bone":"root"},{"name":"body_1","bone":"bone4","attachment":"body_1"},{"name":"leg_4","bone":"bone25","attachment":"leg_2"},{"name":"leg_3","bone":"bone24","attachment":"leg_1"},{"name":"leg_1","bone":"root"},{"name":"neck_3","bone":"bone5","attachment":"neck_3"},{"name":"neck_2","bone":"bone6","attachment":"neck_2"},{"name":"neck_1","bone":"bone7","attachment":"neck_1"},{"name":"head_armor","bone":"bone11","attachment":"head_armor"},{"name":"tongue","bone":"bone10","attachment":"tongue"},{"name":"head_1","bone":"bone8","attachment":"head_1"},{"name":"head_jaw","bone":"bone9","attachment":"head_jaw"},{"name":"hand_2","bone":"bone12","attachment":"hand_2"},{"name":"hand_1","bone":"bone13","attachment":"hand_1"},{"name":"claw","bone":"bone16","attachment":"claw"},{"name":"claw2","bone":"bone17","attachment":"claw"},{"name":"claw3","bone":"bone18","attachment":"claw"},{"name":"wing_8","bone":"bone26","attachment":"wing_0"},{"name":"wing_0","bone":"root"},{"name":"wing_4","bone":"bone27","attachment":"wing_1"},{"name":"wing_1","bone":"root"},{"name":"leg_2","bone":"bone25"},{"name":"leg_7","bone":"bone42"},{"name":"claw20","bone":"bone45","attachment":"claw"},{"name":"claw10","bone":"root"},{"name":"claw19","bone":"bone44","attachment":"claw"},{"name":"claw11","bone":"root"},{"name":"claw16","bone":"bone49","attachment":"claw"},{"name":"claw14","bone":"root"},{"name":"claw17","bone":"bone48","attachment":"claw"},{"name":"claw15","bone":"bone48"},{"name":"wing_feather10","bone":"bone33"},{"name":"wing_feather16","bone":"bone40"},{"name":"wing_feather5","bone":"bone32","attachment":"wing_feather1"},{"name":"wing_feather1","bone":"root"},{"name":"wing_feather6","bone":"bone31","attachment":"wing_feather2"},{"name":"wing_feather2","bone":"root"},{"name":"wing_feather7","bone":"bone30","attachment":"wing_feather3"},{"name":"wing_feather3","bone":"root"},{"name":"wing_feather8","bone":"bone29","attachment":"wing_feather4"},{"name":"wing_feather4","bone":"root"},{"name":"wing_3","bone":"bone28","attachment":"wing_2"},{"name":"wing_2","bone":"bone28"},{"name":"wing_feather9","bone":"root"},{"name":"wing_feather11","bone":"bone33","attachment":"wing_feather3"}],"skins":{"default":{"body_1":{"body_1":{"x":82.39,"y":31.03,"rotation":-155.56,"width":389,"height":447}},"body_2":{"body_2":{"x":184.5,"y":-14.75,"rotation":-2.7,"width":517,"height":443}},"claw":{"claw":{"x":51.45,"y":1.44,"scaleX":0.883,"scaleY":0.883,"rotation":88.15,"width":42,"height":138}},"claw16":{"claw":{"x":54.46,"y":0.82,"rotation":84.12,"width":42,"height":138}},"claw17":{"claw":{"x":59.8,"y":-0.09,"scaleY":0.873,"rotation":83.03,"width":42,"height":138}},"claw18":{"claw":{"x":48.84,"y":1.61,"scaleX":1.076,"scaleY":1.076,"rotation":85.92,"width":42,"height":138}},"claw19":{"claw":{"x":54.76,"y":2.64,"scaleX":1.094,"scaleY":0.961,"rotation":77.89,"width":42,"height":138}},"claw2":{"claw":{"x":54.9,"y":-2.35,"scaleX":0.958,"scaleY":0.952,"rotation":85.94,"width":42,"height":138}},"claw20":{"claw":{"x":55.83,"y":-1.43,"scaleX":1.094,"scaleY":0.907,"rotation":86.43,"width":42,"height":138}},"claw21":{"claw":{"x":49.98,"y":5.58,"scaleX":1.094,"scaleY":0.806,"rotation":82.01,"width":42,"height":138}},"claw3":{"claw":{"x":39.84,"y":-2.39,"scaleX":0.815,"scaleY":0.695,"rotation":84.99,"width":42,"height":138}},"claw7":{"claw":{"x":49.1,"y":-1.2,"scaleY":0.863,"rotation":80.84,"width":42,"height":138}},"claw8":{"claw":{"x":52.48,"y":2.24,"scaleX":0.951,"scaleY":0.886,"rotation":86.72,"width":42,"height":138}},"claw9":{"claw":{"x":45.18,"y":3.03,"scaleY":0.826,"rotation":83.18,"width":42,"height":138}},"claws_thumb2":{"claws_thumb":{"x":18.86,"y":-10.89,"rotation":114.09,"width":89,"height":106}},"claws_thumb4":{"claws_thumb":{"x":41.31,"y":-0.42,"rotation":88.55,"width":89,"height":106}},"hand_1":{"hand_1":{"x":136.25,"y":-3.59,"rotation":134.12,"width":280,"height":268}},"hand_2":{"hand_2":{"x":113.59,"y":0.04,"rotation":78.23,"width":171,"height":296}},"hand_3":{"hand_2":{"x":112.54,"y":-2.58,"rotation":84.23,"width":171,"height":296}},"hand_4":{"hand_1":{"x":98.95,"y":-10.9,"rotation":135.46,"width":280,"height":268}},"head_1":{"head_1":{"x":101.14,"y":-34.25,"scaleX":1.303,"scaleY":1.303,"rotation":147.12,"width":300,"height":309}},"head_armor":{"head_armor":{"x":142.6,"y":-12.1,"scaleX":1.303,"scaleY":1.303,"rotation":-40.89,"width":299,"height":247}},"head_jaw":{"head_jaw":{"x":191.81,"y":-28.12,"scaleX":1.303,"scaleY":1.303,"rotation":102.81,"width":236,"height":252}},"leg_3":{"leg_1":{"x":111.08,"y":15.81,"scaleX":1.296,"scaleY":1.126,"rotation":100.12,"width":180,"height":298}},"leg_4":{"leg_2":{"x":80.64,"y":-7.47,"scaleX":1.261,"scaleY":1.261,"rotation":33.8,"width":214,"height":200}},"leg_5":{"leg_1":{"x":111.08,"y":15.81,"scaleX":1.296,"scaleY":1.126,"rotation":100.12,"width":180,"height":298}},"leg_6":{"leg_2":{"x":80.64,"y":-7.47,"scaleX":1.261,"scaleY":1.261,"rotation":33.8,"width":214,"height":200}},"neck_1":{"neck_1":{"x":103.51,"y":-1.35,"scaleX":1.303,"scaleY":1.303,"rotation":-130.93,"width":258,"height":161}},"neck_2":{"neck_2":{"x":100.53,"y":20.42,"scaleX":1.489,"scaleY":1.489,"rotation":-74.75,"width":232,"height":248}},"neck_3":{"neck_3":{"x":74.26,"y":9.02,"scaleX":1.489,"scaleY":1.489,"rotation":-95.4,"width":230,"height":306}},"oot_3":{"oot_1":{"x":36.81,"y":9.7,"rotation":76.45,"width":118,"height":187}},"oot_4":{"oot_1":{"x":36.39,"y":14.01,"scaleX":0.935,"scaleY":0.935,"rotation":65.4,"width":118,"height":187}},"tail_big2":{"tail_big":{"x":30.16,"y":-14.32,"rotation":-23.19,"width":171,"height":151}},"tail_medium10":{"tail_medium":{"x":16.83,"y":-6.58,"scaleX":0.423,"scaleY":0.423,"rotation":-22.47,"width":174,"height":144}},"tail_medium11":{"tail_medium":{"x":21.34,"y":-8.19,"scaleX":0.535,"scaleY":0.535,"rotation":-23.51,"width":174,"height":144}},"tail_medium12":{"tail_medium":{"x":25.9,"y":-7.69,"scaleX":0.643,"scaleY":0.643,"rotation":-22.47,"width":174,"height":144}},"tail_medium13":{"tail_medium":{"x":38.9,"y":-11.18,"scaleX":0.797,"scaleY":0.797,"rotation":-23.21,"width":174,"height":144}},"tail_medium14":{"tail_medium":{"x":42.72,"y":-18.57,"rotation":-16.9,"width":174,"height":144}},"tail_medium8":{"tail_medium":{"x":10.69,"y":-4.23,"scaleX":0.283,"scaleY":0.283,"rotation":-19.88,"width":174,"height":144}},"tail_medium9":{"tail_medium":{"x":15.15,"y":-5.84,"scaleX":0.348,"scaleY":0.348,"rotation":-22.75,"width":174,"height":144}},"tail_small2":{"tail_small":{"x":60.76,"y":14.21,"rotation":80.38,"width":62,"height":118}},"tongue":{"tongue":{"x":169.52,"y":13.78,"scaleX":1.303,"scaleY":1.303,"rotation":125.63,"width":60,"height":128}},"wing_3":{"wing_2":{"x":237.35,"y":-35.47,"rotation":-173.18,"width":522,"height":185}},"wing_4":{"wing_1":{"x":208.71,"y":-3.47,"scaleX":0.786,"scaleY":0.786,"rotation":-33.4,"width":543,"height":363}},"wing_5":{"wing_1":{"x":208.71,"y":-3.47,"scaleX":0.786,"scaleY":0.786,"rotation":-33.4,"width":543,"height":363}},"wing_6":{"wing_2":{"x":237.35,"y":-35.47,"rotation":-173.18,"width":522,"height":185}},"wing_8":{"wing_0":{"x":39.31,"y":1.23,"rotation":-86.98,"width":159,"height":109}},"wing_feather11":{"wing_feather3":{"x":493.21,"y":-24.64,"scaleX":0.809,"scaleY":1.027,"rotation":-39.26,"width":1054,"height":646}},"wing_feather12":{"wing_feather4":{"x":583.17,"y":-77.11,"rotation":-47.27,"width":959,"height":813}},"wing_feather13":{"wing_feather3":{"x":543.68,"y":0.89,"rotation":-29.85,"width":1054,"height":646}},"wing_feather14":{"wing_feather2":{"x":498.7,"y":32.95,"rotation":-18.61,"width":1044,"height":449}},"wing_feather15":{"wing_feather1":{"x":358.13,"y":44.28,"rotation":-6.56,"width":849,"height":245}},"wing_feather17":{"wing_feather3":{"x":493.21,"y":-24.64,"scaleX":0.809,"scaleY":1.027,"rotation":-39.26,"width":1054,"height":646}},"wing_feather5":{"wing_feather1":{"x":358.13,"y":44.28,"rotation":-6.56,"width":849,"height":245}},"wing_feather6":{"wing_feather2":{"x":498.7,"y":32.95,"rotation":-18.61,"width":1044,"height":449}},"wing_feather7":{"wing_feather3":{"x":543.68,"y":0.89,"rotation":-29.85,"width":1054,"height":646}},"wing_feather8":{"wing_feather4":{"x":583.17,"y":-77.11,"rotation":-47.27,"width":959,"height":813}}}},"animations":{"flying":{"bones":{"bone13":{"rotate":[{"time":0,"angle":46.2},{"time":0.5,"angle":15.73},{"time":1,"angle":46.2}],"translate":[{"time":0,"x":0,"y":0,"curve":"stepped"},{"time":0.5,"x":0,"y":0,"curve":"stepped"},{"time":1,"x":0,"y":0}],"scale":[{"time":0,"x":1,"y":1,"curve":"stepped"},{"time":0.5,"x":1,"y":1,"curve":"stepped"},{"time":1,"x":1,"y":1}]},"bone4":{"rotate":[{"time":0,"angle":15.87},{"time":0.5,"angle":2.36},{"time":1,"angle":15.87}],"translate":[{"time":0,"x":0,"y":0,"curve":"stepped"},{"time":0.5,"x":0,"y":0,"curve":"stepped"},{"time":1,"x":0,"y":0}],"scale":[{"time":0,"x":1,"y":1,"curve":"stepped"},{"time":0.5,"x":1,"y":1,"curve":"stepped"},{"time":1,"x":1,"y":1}]},"bone":{"rotate":[{"time":0,"angle":-5.78},{"time":0.5,"angle":4.07},{"time":1,"angle":-5.78}],"translate":[{"time":0,"x":0,"y":0,"curve":"stepped"},{"time":0.5,"x":0,"y":0,"curve":"stepped"},{"time":1,"x":0,"y":0}],"scale":[{"time":0,"x":1,"y":1,"curve":"stepped"},{"time":0.5,"x":1,"y":1,"curve":"stepped"},{"time":1,"x":1,"y":1}]},"bone27":{"rotate":[{"time":0,"angle":-110.31},{"time":0.5,"angle":65.25},{"time":1,"angle":-110.31}],"translate":[{"time":0,"x":0,"y":0,"curve":"stepped"},{"time":0.5,"x":0,"y":0,"curve":"stepped"},{"time":1,"x":0,"y":0}],"scale":[{"time":0,"x":0.858,"y":1},{"time":0.5,"x":1,"y":1},{"time":1,"x":0.858,"y":1}],"flipX":[{"time":0.5}]},"bone28":{"rotate":[{"time":0,"angle":-87.8},{"time":0.0666,"angle":-79.58},{"time":0.1,"angle":-75.47},{"time":0.5,"angle":-46.35},{"time":0.7666,"angle":-59.02},{"time":1,"angle":-87.8}],"translate":[{"time":0,"x":0,"y":0,"curve":"stepped"},{"time":0.0666,"x":0,"y":0,"curve":"stepped"},{"time":0.1,"x":0,"y":0,"curve":"stepped"},{"time":0.2333,"x":0,"y":0,"curve":"stepped"},{"time":0.5,"x":0,"y":0,"curve":"stepped"},{"time":0.7666,"x":0,"y":0,"curve":"stepped"},{"time":1,"x":0,"y":0}],"scale":[{"time":0,"x":1,"y":1,"curve":"stepped"},{"time":0.0666,"x":1,"y":1,"curve":"stepped"},{"time":0.1,"x":1,"y":1,"curve":"stepped"},{"time":0.2333,"x":1,"y":1,"curve":"stepped"},{"time":0.5,"x":1,"y":1,"curve":"stepped"},{"time":0.7666,"x":1,"y":1,"curve":"stepped"},{"time":1,"x":1,"y":1}]},"bone31":{"rotate":[{"time":0,"angle":-141.74},{"time":0.0666,"angle":210.58},{"time":0.1,"angle":16.27},{"time":0.3333,"angle":-30.6},{"time":0.5,"angle":-2.09},{"time":0.6333,"angle":103.61},{"time":0.7666,"angle":198.63},{"time":1,"angle":-141.74}],"translate":[{"time":0,"x":12.4,"y":74.12},{"time":0.0666,"x":11.16,"y":65.35},{"time":0.1,"x":12.44,"y":33.05},{"time":0.3333,"x":8.05,"y":43.43},{"time":0.5,"x":3.08,"y":8.35},{"time":0.7666,"x":8.05,"y":43.43},{"time":1,"x":12.4,"y":74.12}],"scale":[{"time":0,"x":1,"y":1},{"time":0.0666,"x":0.363,"y":1},{"time":0.1,"x":0.29,"y":1},{"time":0.3333,"x":1,"y":1,"curve":"stepped"},{"time":0.5,"x":1,"y":1,"curve":"stepped"},{"time":0.7666,"x":1,"y":1,"curve":"stepped"},{"time":1,"x":1,"y":1}]},"bone32":{"rotate":[{"time":0,"angle":-127.08},{"time":0.0666,"angle":226.02},{"time":0.1,"angle":7.59},{"time":0.3333,"angle":-36.59},{"time":0.5,"angle":-9.65},{"time":0.6333,"angle":102.55},{"time":0.7666,"angle":208.58},{"time":1,"angle":-127.08}],"translate":[{"time":0,"x":16.63,"y":99.36},{"time":0.0666,"x":11.03,"y":86.78},{"time":0.1,"x":16.26,"y":69.7},{"time":0.3333,"x":-2.95,"y":55.34},{"time":0.5,"x":-25.34,"y":5.03},{"time":0.7666,"x":-2.95,"y":55.34},{"time":0.8703,"x":5.75,"y":74.9},{"time":1,"x":16.63,"y":99.36}],"scale":[{"time":0,"x":1,"y":1},{"time":0.0666,"x":0.279,"y":1},{"time":0.1,"x":0.28,"y":1},{"time":0.3333,"x":1,"y":1,"curve":"stepped"},{"time":0.5,"x":1,"y":1,"curve":"stepped"},{"time":0.7666,"x":1,"y":1,"curve":"stepped"},{"time":1,"x":1,"y":1}]},"bone30":{"rotate":[{"time":0,"angle":-159.73},{"time":0.0666,"angle":181.53},{"time":0.1,"angle":16.11},{"time":0.3333,"angle":-36.57},{"time":0.5,"angle":-1.82},{"time":0.7666,"angle":171.95},{"time":1,"angle":-159.73}],"translate":[{"time":0,"x":-45.67,"y":95.19},{"time":0.0666,"x":-44.56,"y":84.79},{"time":0.1,"x":-25.95,"y":55.3},{"time":0.3333,"x":-41.8,"y":58.79},{"time":0.5,"x":-37.37,"y":17.17},{"time":0.7666,"x":-41.8,"y":58.79},{"time":1,"x":-45.67,"y":95.19}],"scale":[{"time":0,"x":1,"y":1},{"time":0.0666,"x":0.361,"y":1},{"time":0.1,"x":0.298,"y":1},{"time":0.3333,"x":1,"y":1,"curve":"stepped"},{"time":0.5,"x":1,"y":1,"curve":"stepped"},{"time":0.7666,"x":1,"y":1,"curve":"stepped"},{"time":1,"x":1,"y":1}]},"bone29":{"rotate":[{"time":0,"angle":179.09},{"time":0.0666,"angle":173.39},{"time":0.1,"angle":19.12},{"time":0.3333,"angle":-48.2},{"time":0.5,"angle":-5.93},{"time":0.7666,"angle":154.7},{"time":1,"angle":179.09}],"translate":[{"time":0,"x":-33.88,"y":39.72},{"time":0.0666,"x":-31.99,"y":33.69},{"time":0.1,"x":-31.04,"y":30.67},{"time":0.3333,"x":-27.26,"y":18.62},{"time":0.5,"x":-19.7,"y":-5.49},{"time":0.7666,"x":-27.26,"y":18.62},{"time":1,"x":-33.88,"y":39.72}],"scale":[{"time":0,"x":1,"y":1},{"time":0.0666,"x":0.411,"y":1},{"time":0.1,"x":0.204,"y":1},{"time":0.3333,"x":1,"y":1,"curve":"stepped"},{"time":0.5,"x":1,"y":1,"curve":"stepped"},{"time":0.7666,"x":1,"y":1,"curve":"stepped"},{"time":1,"x":1,"y":1}]},"bone33":{"rotate":[{"time":0,"angle":149.37},{"time":0.0666,"angle":154.9},{"time":0.1,"angle":-12.29},{"time":0.3333,"angle":-48.87},{"time":0.5,"angle":-6.99},{"time":0.7666,"angle":136.75},{"time":1,"angle":149.37}],"translate":[{"time":0,"x":-14.43,"y":39.7},{"time":0.0666,"x":-12.53,"y":33.67},{"time":0.1,"x":-10.64,"y":27.64},{"time":0.3333,"x":-7.81,"y":18.6},{"time":0.5,"x":-0.24,"y":-5.5},{"time":0.7666,"x":-7.81,"y":18.6},{"time":1,"x":-14.43,"y":39.7}],"scale":[{"time":0,"x":1,"y":1},{"time":0.0666,"x":0.282,"y":1},{"time":0.1,"x":0.149,"y":1},{"time":0.3333,"x":1,"y":1,"curve":"stepped"},{"time":0.5,"x":1,"y":1,"curve":"stepped"},{"time":0.7666,"x":1,"y":1,"curve":"stepped"},{"time":1,"x":1,"y":1}]},"bone5":{"rotate":[{"time":0,"angle":26.2},{"time":0.5,"angle":-0.97},{"time":1,"angle":26.2}],"translate":[{"time":0,"x":5.53,"y":37.69},{"time":0.5,"x":0,"y":0},{"time":1,"x":5.53,"y":37.69}],"scale":[{"time":0,"x":1,"y":1,"curve":"stepped"},{"time":0.5,"x":1,"y":1,"curve":"stepped"},{"time":1,"x":1,"y":1}]},"root":{"rotate":[{"time":0,"angle":0,"curve":"stepped"},{"time":0.5,"angle":0,"curve":"stepped"},{"time":1,"angle":0}],"translate":[{"time":0,"x":0,"y":0},{"time":0.5,"x":5.99,"y":100.05},{"time":1,"x":0,"y":0}],"scale":[{"time":0,"x":1,"y":1,"curve":"stepped"},{"time":0.5,"x":1,"y":1,"curve":"stepped"},{"time":1,"x":1,"y":1}]},"bone2":{"rotate":[{"time":0,"angle":0,"curve":"stepped"},{"time":0.0666,"angle":0,"curve":"stepped"},{"time":0.1,"angle":0,"curve":"stepped"},{"time":0.5,"angle":0,"curve":"stepped"},{"time":0.7666,"angle":0,"curve":"stepped"},{"time":1,"angle":0}],"translate":[{"time":0,"x":0,"y":0,"curve":"stepped"},{"time":0.0666,"x":0,"y":0,"curve":"stepped"},{"time":0.1,"x":0,"y":0,"curve":"stepped"},{"time":0.2333,"x":0,"y":0,"curve":"stepped"},{"time":0.5,"x":0,"y":0,"curve":"stepped"},{"time":0.7666,"x":0,"y":0,"curve":"stepped"},{"time":1,"x":0,"y":0}],"scale":[{"time":0,"x":1,"y":1,"curve":"stepped"},{"time":0.0666,"x":1,"y":1,"curve":"stepped"},{"time":0.1,"x":1,"y":1,"curve":"stepped"},{"time":0.2333,"x":1,"y":1,"curve":"stepped"},{"time":0.5,"x":1,"y":1,"curve":"stepped"},{"time":0.7666,"x":1,"y":1,"curve":"stepped"},{"time":1,"x":1,"y":1}]},"bone12":{"rotate":[{"time":0,"angle":-11.11},{"time":0.5,"angle":38.01},{"time":1,"angle":-11.11}],"translate":[{"time":0,"x":0,"y":0,"curve":"stepped"},{"time":0.5,"x":0,"y":0,"curve":"stepped"},{"time":1,"x":0,"y":0}],"scale":[{"time":0,"x":1,"y":1,"curve":"stepped"},{"time":0.5,"x":1,"y":1,"curve":"stepped"},{"time":1,"x":1,"y":1}]},"bone14":{"rotate":[{"time":0,"angle":-73.33},{"time":0.5,"angle":-36.71},{"time":1,"angle":-73.33}],"translate":[{"time":0,"x":-48.11,"y":12.98,"curve":"stepped"},{"time":0.5,"x":-48.11,"y":12.98,"curve":"stepped"},{"time":1,"x":-48.11,"y":12.98}],"scale":[{"time":0,"x":1,"y":1,"curve":"stepped"},{"time":0.5,"x":1,"y":1,"curve":"stepped"},{"time":1,"x":1,"y":1}]},"bone24":{"rotate":[{"time":0,"angle":92.2},{"time":0.5,"angle":21.79},{"time":1,"angle":92.2}],"translate":[{"time":0,"x":-2.07,"y":-34.68},{"time":0.5,"x":0,"y":0},{"time":1,"x":-2.07,"y":-34.68}],"scale":[{"time":0,"x":1,"y":1,"curve":"stepped"},{"time":0.5,"x":1,"y":1,"curve":"stepped"},{"time":1,"x":1,"y":1}]},"bone26":{"rotate":[{"time":0,"angle":0,"curve":"stepped"},{"time":0.5,"angle":0,"curve":"stepped"},{"time":1,"angle":0}],"translate":[{"time":0,"x":26.13,"y":8.99},{"time":0.5,"x":19.33,"y":-13.7},{"time":1,"x":26.13,"y":8.99}],"scale":[{"time":0,"x":1,"y":1,"curve":"stepped"},{"time":0.5,"x":1,"y":1,"curve":"stepped"},{"time":1,"x":1,"y":1}]},"bone3":{"rotate":[{"time":0,"angle":0,"curve":"stepped"},{"time":0.0666,"angle":0,"curve":"stepped"},{"time":0.1,"angle":0,"curve":"stepped"},{"time":0.5,"angle":0,"curve":"stepped"},{"time":0.7666,"angle":0,"curve":"stepped"},{"time":1,"angle":0}],"translate":[{"time":0,"x":0,"y":0,"curve":"stepped"},{"time":0.0666,"x":0,"y":0,"curve":"stepped"},{"time":0.1,"x":0,"y":0,"curve":"stepped"},{"time":0.2333,"x":0,"y":0,"curve":"stepped"},{"time":0.5,"x":0,"y":0,"curve":"stepped"},{"time":0.7666,"x":0,"y":0,"curve":"stepped"},{"time":1,"x":0,"y":0}],"scale":[{"time":0,"x":1,"y":1,"curve":"stepped"},{"time":0.0666,"x":1,"y":1,"curve":"stepped"},{"time":0.1,"x":1,"y":1,"curve":"stepped"},{"time":0.2333,"x":1,"y":1,"curve":"stepped"},{"time":0.5,"x":1,"y":1,"curve":"stepped"},{"time":0.7666,"x":1,"y":1,"curve":"stepped"},{"time":1,"x":1,"y":1}]},"bone15":{"rotate":[{"time":0,"angle":32.15},{"time":0.5,"angle":17.6},{"time":1,"angle":32.15}],"translate":[{"time":0,"x":0,"y":0,"curve":"stepped"},{"time":0.5,"x":0,"y":0,"curve":"stepped"},{"time":1,"x":0,"y":0}],"scale":[{"time":0,"x":1,"y":1,"curve":"stepped"},{"time":0.5,"x":1,"y":1,"curve":"stepped"},{"time":1,"x":1,"y":1}]},"bone25":{"rotate":[{"time":0,"angle":-69.21},{"time":0.5,"angle":-6.88},{"time":1,"angle":-69.21}],"translate":[{"time":0,"x":0,"y":0,"curve":"stepped"},{"time":0.5,"x":0,"y":0,"curve":"stepped"},{"time":1,"x":0,"y":0}],"scale":[{"time":0,"x":1,"y":1,"curve":"stepped"},{"time":0.5,"x":1,"y":1,"curve":"stepped"},{"time":1,"x":1,"y":1}]},"bone34":{"rotate":[{"time":0,"angle":152.7},{"time":0.5,"angle":7.63},{"time":1,"angle":152.7}],"translate":[{"time":0,"x":0,"y":0},{"time":0.5,"x":-44.71,"y":-10.66},{"time":1,"x":0,"y":0}],"scale":[{"time":0,"x":1,"y":1},{"time":0.5,"x":0.895,"y":1},{"time":1,"x":1,"y":1}]},"bone6":{"rotate":[{"time":0,"angle":3.66},{"time":0.5,"angle":1.67},{"time":1,"angle":3.66}],"translate":[{"time":0,"x":0,"y":0,"curve":"stepped"},{"time":0.5,"x":0,"y":0,"curve":"stepped"},{"time":1,"x":0,"y":0}],"scale":[{"time":0,"x":1,"y":1,"curve":"stepped"},{"time":0.5,"x":1,"y":1,"curve":"stepped"},{"time":1,"x":1,"y":1}]},"bone16":{"rotate":[{"time":0,"angle":0,"curve":"stepped"},{"time":0.0666,"angle":0,"curve":"stepped"},{"time":0.1,"angle":0},{"time":0.5,"angle":43.87},{"time":0.7666,"angle":0,"curve":"stepped"},{"time":1,"angle":0}],"translate":[{"time":0,"x":0,"y":0,"curve":"stepped"},{"time":0.0666,"x":0,"y":0,"curve":"stepped"},{"time":0.1,"x":0,"y":0,"curve":"stepped"},{"time":0.2333,"x":0,"y":0,"curve":"stepped"},{"time":0.5,"x":0,"y":0,"curve":"stepped"},{"time":0.7666,"x":0,"y":0,"curve":"stepped"},{"time":1,"x":0,"y":0}],"scale":[{"time":0,"x":1,"y":1,"curve":"stepped"},{"time":0.0666,"x":1,"y":1,"curve":"stepped"},{"time":0.1,"x":1,"y":1,"curve":"stepped"},{"time":0.2333,"x":1,"y":1,"curve":"stepped"},{"time":0.5,"x":1,"y":1,"curve":"stepped"},{"time":0.7666,"x":1,"y":1,"curve":"stepped"},{"time":1,"x":1,"y":1}]},"bone17":{"rotate":[{"time":0,"angle":0,"curve":"stepped"},{"time":0.0666,"angle":0,"curve":"stepped"},{"time":0.1,"angle":0},{"time":0.5,"angle":39.11},{"time":0.7666,"angle":0,"curve":"stepped"},{"time":1,"angle":0}],"translate":[{"time":0,"x":0,"y":0,"curve":"stepped"},{"time":0.0666,"x":0,"y":0,"curve":"stepped"},{"time":0.1,"x":0,"y":0,"curve":"stepped"},{"time":0.2333,"x":0,"y":0,"curve":"stepped"},{"time":0.5,"x":0,"y":0,"curve":"stepped"},{"time":0.7666,"x":0,"y":0,"curve":"stepped"},{"time":1,"x":0,"y":0}],"scale":[{"time":0,"x":1,"y":1,"curve":"stepped"},{"time":0.0666,"x":1,"y":1,"curve":"stepped"},{"time":0.1,"x":1,"y":1,"curve":"stepped"},{"time":0.2333,"x":1,"y":1,"curve":"stepped"},{"time":0.5,"x":1,"y":1,"curve":"stepped"},{"time":0.7666,"x":1,"y":1,"curve":"stepped"},{"time":1,"x":1,"y":1}]},"bone18":{"rotate":[{"time":0,"angle":0},{"time":0.5,"angle":28.62},{"time":1,"angle":0}],"translate":[{"time":0,"x":0,"y":0,"curve":"stepped"},{"time":0.5,"x":0,"y":0,"curve":"stepped"},{"time":1,"x":0,"y":0}],"scale":[{"time":0,"x":1,"y":1,"curve":"stepped"},{"time":0.5,"x":1,"y":1,"curve":"stepped"},{"time":1,"x":1,"y":1}]},"bone19":{"rotate":[{"time":0,"angle":-19.76},{"time":0.0666,"angle":0,"curve":"stepped"},{"time":0.1,"angle":0,"curve":"stepped"},{"time":0.5,"angle":0,"curve":"stepped"},{"time":0.7666,"angle":0},{"time":1,"angle":-19.76}],"translate":[{"time":0,"x":0,"y":0,"curve":"stepped"},{"time":0.0666,"x":0,"y":0,"curve":"stepped"},{"time":0.1,"x":0,"y":0,"curve":"stepped"},{"time":0.2333,"x":0,"y":0,"curve":"stepped"},{"time":0.5,"x":0,"y":0,"curve":"stepped"},{"time":0.7666,"x":0,"y":0,"curve":"stepped"},{"time":1,"x":0,"y":0}],"scale":[{"time":0,"x":1,"y":1,"curve":"stepped"},{"time":0.0666,"x":1,"y":1,"curve":"stepped"},{"time":0.1,"x":1,"y":1,"curve":"stepped"},{"time":0.2333,"x":1,"y":1,"curve":"stepped"},{"time":0.5,"x":1,"y":1,"curve":"stepped"},{"time":0.7666,"x":1,"y":1,"curve":"stepped"},{"time":1,"x":1,"y":1}]},"bone20":{"rotate":[{"time":0,"angle":-18.16},{"time":0.5,"angle":0},{"time":1,"angle":-18.16}],"translate":[{"time":0,"x":0,"y":0,"curve":"stepped"},{"time":0.5,"x":0,"y":0,"curve":"stepped"},{"time":1,"x":0,"y":0}],"scale":[{"time":0,"x":1,"y":1,"curve":"stepped"},{"time":0.5,"x":1,"y":1,"curve":"stepped"},{"time":1,"x":1,"y":1}]},"bone21":{"rotate":[{"time":0,"angle":-6.3},{"time":0.5,"angle":24.8},{"time":1,"angle":-6.3}],"translate":[{"time":0,"x":0,"y":0,"curve":"stepped"},{"time":0.5,"x":0,"y":0,"curve":"stepped"},{"time":1,"x":0,"y":0}],"scale":[{"time":0,"x":1,"y":1,"curve":"stepped"},{"time":0.5,"x":1,"y":1,"curve":"stepped"},{"time":1,"x":1,"y":1}]},"bone22":{"rotate":[{"time":0,"angle":-12.8},{"time":0.5,"angle":19.78},{"time":1,"angle":-12.8}],"translate":[{"time":0,"x":0,"y":0,"curve":"stepped"},{"time":0.5,"x":0,"y":0,"curve":"stepped"},{"time":1,"x":0,"y":0}],"scale":[{"time":0,"x":1,"y":1,"curve":"stepped"},{"time":0.5,"x":1,"y":1,"curve":"stepped"},{"time":1,"x":1,"y":1}]},"bone23":{"rotate":[{"time":0,"angle":-20.41},{"time":0.5,"angle":16.44},{"time":1,"angle":-20.41}],"translate":[{"time":0,"x":0,"y":0,"curve":"stepped"},{"time":0.5,"x":0,"y":0,"curve":"stepped"},{"time":1,"x":0,"y":0}],"scale":[{"time":0,"x":1,"y":1,"curve":"stepped"},{"time":0.5,"x":1,"y":1,"curve":"stepped"},{"time":1,"x":1,"y":1}]},"bone35":{"rotate":[{"time":0,"angle":-127.25,"curve":"stepped"},{"time":0.0666,"angle":-127.25,"curve":"stepped"},{"time":0.1,"angle":-127.25},{"time":0.3333,"angle":-118.82},{"time":0.5,"angle":-36.05},{"time":0.7666,"angle":-127.25,"curve":"stepped"},{"time":1,"angle":-127.25}],"translate":[{"time":0,"x":0,"y":0,"curve":"stepped"},{"time":0.0666,"x":0,"y":0,"curve":"stepped"},{"time":0.1,"x":0,"y":0,"curve":"stepped"},{"time":0.2333,"x":0,"y":0,"curve":"stepped"},{"time":0.5,"x":0,"y":0,"curve":"stepped"},{"time":0.7666,"x":0,"y":0,"curve":"stepped"},{"time":1,"x":0,"y":0}],"scale":[{"time":0,"x":1,"y":1,"curve":"stepped"},{"time":0.0666,"x":1,"y":1,"curve":"stepped"},{"time":0.1,"x":1,"y":1,"curve":"stepped"},{"time":0.2333,"x":1,"y":1,"curve":"stepped"},{"time":0.5,"x":1,"y":1,"curve":"stepped"},{"time":0.7666,"x":1,"y":1,"curve":"stepped"},{"time":1,"x":1,"y":1}]},"bone7":{"rotate":[{"time":0,"angle":20.33},{"time":0.5,"angle":-16.7},{"time":1,"angle":20.33}],"translate":[{"time":0,"x":19.07,"y":-13.75},{"time":0.5,"x":-19.3,"y":6.63},{"time":1,"x":19.07,"y":-13.75}],"scale":[{"time":0,"x":1,"y":1,"curve":"stepped"},{"time":0.5,"x":1,"y":1,"curve":"stepped"},{"time":1,"x":1,"y":1}]},"bone36":{"rotate":[{"time":0,"angle":-95.93,"curve":"stepped"},{"time":0.0666,"angle":-95.93,"curve":"stepped"},{"time":0.1,"angle":-95.93},{"time":0.2333,"angle":240.59},{"time":0.3333,"angle":220.28},{"time":0.5,"angle":-0.55},{"time":0.6333,"angle":-1.9},{"time":0.7666,"angle":-13.49},{"time":1,"angle":-95.93}],"translate":[{"time":0,"x":4.35,"y":4.53},{"time":0.0666,"x":0,"y":0,"curve":"stepped"},{"time":0.1,"x":0,"y":0,"curve":"stepped"},{"time":0.2333,"x":0,"y":0,"curve":"stepped"},{"time":0.5,"x":0,"y":0,"curve":"stepped"},{"time":0.7666,"x":0,"y":0},{"time":1,"x":4.35,"y":4.53}],"scale":[{"time":0,"x":1,"y":1,"curve":"stepped"},{"time":0.0666,"x":1,"y":1,"curve":"stepped"},{"time":0.1,"x":1,"y":1},{"time":0.2333,"x":0.717,"y":1},{"time":0.3333,"x":0.649,"y":1},{"time":0.5,"x":1,"y":1,"curve":"stepped"},{"time":0.7666,"x":1,"y":1,"curve":"stepped"},{"time":1,"x":1,"y":1}]},"bone37":{"rotate":[{"time":0,"angle":-89.49,"curve":"stepped"},{"time":0.0666,"angle":-89.49,"curve":"stepped"},{"time":0.1,"angle":-89.49},{"time":0.3333,"angle":237.16},{"time":0.5,"angle":-9.99},{"time":0.6333,"angle":6.72},{"time":0.7666,"angle":-4.81},{"time":1,"angle":-89.49}],"translate":[{"time":0,"x":0,"y":0,"curve":"stepped"},{"time":0.0666,"x":0,"y":0,"curve":"stepped"},{"time":0.1,"x":0,"y":0,"curve":"stepped"},{"time":0.2333,"x":0,"y":0},{"time":0.3333,"x":-25.35,"y":48.09},{"time":0.5,"x":11.09,"y":16.3},{"time":0.7666,"x":0,"y":0,"curve":"stepped"},{"time":1,"x":0,"y":0}],"scale":[{"time":0,"x":1,"y":1,"curve":"stepped"},{"time":0.0666,"x":1,"y":1,"curve":"stepped"},{"time":0.1,"x":1,"y":1,"curve":"stepped"},{"time":0.2333,"x":1,"y":1},{"time":0.3333,"x":0.589,"y":1},{"time":0.5,"x":1,"y":1,"curve":"stepped"},{"time":0.7666,"x":1,"y":1,"curve":"stepped"},{"time":1,"x":1,"y":1}]},"bone38":{"rotate":[{"time":0,"angle":-78.37,"curve":"stepped"},{"time":0.0666,"angle":-78.37,"curve":"stepped"},{"time":0.1,"angle":-78.37},{"time":0.3333,"angle":266.49},{"time":0.5,"angle":-14.95},{"time":0.6333,"angle":13.76},{"time":0.7666,"angle":2.35},{"time":1,"angle":-78.37}],"translate":[{"time":0,"x":0,"y":0,"curve":"stepped"},{"time":0.0666,"x":0,"y":0,"curve":"stepped"},{"time":0.1,"x":0,"y":0,"curve":"stepped"},{"time":0.2333,"x":0,"y":0},{"time":0.5,"x":17.35,"y":13.23},{"time":0.7666,"x":0,"y":0,"curve":"stepped"},{"time":1,"x":0,"y":0}],"scale":[{"time":0,"x":1,"y":1,"curve":"stepped"},{"time":0.0666,"x":1,"y":1,"curve":"stepped"},{"time":0.1,"x":1,"y":1,"curve":"stepped"},{"time":0.2333,"x":1,"y":1},{"time":0.3333,"x":0.651,"y":1},{"time":0.5,"x":1,"y":1,"curve":"stepped"},{"time":0.7666,"x":1,"y":1,"curve":"stepped"},{"time":1,"x":1,"y":1}]},"bone39":{"rotate":[{"time":0,"angle":-64.36,"curve":"stepped"},{"time":0.0666,"angle":-64.36,"curve":"stepped"},{"time":0.1,"angle":-64.36},{"time":0.3333,"angle":265.52},{"time":0.5,"angle":-23.85},{"time":0.6333,"angle":13.88},{"time":0.7666,"angle":-3.94},{"time":1,"angle":-64.36}],"translate":[{"time":0,"x":0,"y":0,"curve":"stepped"},{"time":0.0666,"x":0,"y":0,"curve":"stepped"},{"time":0.1,"x":0,"y":0,"curve":"stepped"},{"time":0.2333,"x":0,"y":0},{"time":0.5,"x":13.63,"y":10.39},{"time":0.7666,"x":0,"y":0,"curve":"stepped"},{"time":1,"x":0,"y":0}],"scale":[{"time":0,"x":1,"y":1,"curve":"stepped"},{"time":0.0666,"x":1,"y":1,"curve":"stepped"},{"time":0.1,"x":1,"y":1},{"time":0.2333,"x":0.559,"y":1},{"time":0.3333,"x":0.696,"y":1},{"time":0.5,"x":1,"y":1,"curve":"stepped"},{"time":0.7666,"x":1,"y":1,"curve":"stepped"},{"time":1,"x":1,"y":1}]},"bone40":{"rotate":[{"time":0,"angle":-111.61,"curve":"stepped"},{"time":0.0666,"angle":-111.61,"curve":"stepped"},{"time":0.1,"angle":-111.61},{"time":0.2333,"angle":217.41},{"time":0.3333,"angle":192.79},{"time":0.5,"angle":0.44},{"time":0.7666,"angle":-20.71},{"time":1,"angle":-111.61}],"translate":[{"time":0,"x":0,"y":0,"curve":"stepped"},{"time":0.0666,"x":0,"y":0,"curve":"stepped"},{"time":0.1,"x":0,"y":0,"curve":"stepped"},{"time":0.2333,"x":0,"y":0,"curve":"stepped"},{"time":0.3333,"x":0,"y":0,"curve":"stepped"},{"time":0.5,"x":0,"y":0,"curve":"stepped"},{"time":0.7666,"x":0,"y":0,"curve":"stepped"},{"time":1,"x":0,"y":0}],"scale":[{"time":0,"x":1,"y":1,"curve":"stepped"},{"time":0.0666,"x":1,"y":1,"curve":"stepped"},{"time":0.1,"x":1,"y":1},{"time":0.2333,"x":0.684,"y":1},{"time":0.3333,"x":0.721,"y":1},{"time":0.5,"x":1,"y":1,"curve":"stepped"},{"time":0.7666,"x":1,"y":1,"curve":"stepped"},{"time":1,"x":1,"y":1}]},"bone8":{"rotate":[{"time":0,"angle":-57.18},{"time":0.5,"angle":5.65},{"time":1,"angle":-57.18}],"translate":[{"time":0,"x":20.95,"y":-35.3},{"time":0.5,"x":0,"y":0},{"time":1,"x":20.95,"y":-35.3}],"scale":[{"time":0,"x":1,"y":1,"curve":"stepped"},{"time":0.5,"x":1,"y":1,"curve":"stepped"},{"time":1,"x":1,"y":1}]},"bone10":{"rotate":[{"time":0,"angle":2.42},{"time":0.5,"angle":-4.21},{"time":1,"angle":2.42}],"translate":[{"time":0,"x":0,"y":0,"curve":"stepped"},{"time":0.5,"x":0,"y":0,"curve":"stepped"},{"time":1,"x":0,"y":0}],"scale":[{"time":0,"x":1,"y":1,"curve":"stepped"},{"time":0.5,"x":1,"y":1,"curve":"stepped"},{"time":1,"x":1,"y":1}]},"bone11":{"rotate":[{"time":0,"angle":6.96},{"time":0.5,"angle":346.02},{"time":1,"angle":6.96}],"translate":[{"time":0,"x":0,"y":0,"curve":"stepped"},{"time":0.5,"x":0,"y":0,"curve":"stepped"},{"time":1,"x":0,"y":0}],"scale":[{"time":0,"x":1,"y":1,"curve":"stepped"},{"time":0.5,"x":1,"y":1,"curve":"stepped"},{"time":1,"x":1,"y":1}]},"bone9":{"rotate":[{"time":0,"angle":2.02},{"time":0.5,"angle":-16.3},{"time":1,"angle":2.02}],"translate":[{"time":0,"x":0,"y":0,"curve":"stepped"},{"time":0.5,"x":0,"y":0,"curve":"stepped"},{"time":1,"x":0,"y":0}],"scale":[{"time":0,"x":1,"y":1,"curve":"stepped"},{"time":0.5,"x":1,"y":1,"curve":"stepped"},{"time":1,"x":1,"y":1}]},"bone41":{"rotate":[{"time":0,"angle":64.64},{"time":0.5,"angle":18.09},{"time":1,"angle":64.64}],"translate":[{"time":0,"x":0,"y":0,"curve":"stepped"},{"time":1,"x":0,"y":0}],"scale":[{"time":0,"x":1,"y":1,"curve":"stepped"},{"time":1,"x":1,"y":1}]},"bone42":{"rotate":[{"time":0,"angle":4.38},{"time":0.5,"angle":21.72},{"time":1,"angle":4.38}]},"bone47":{"rotate":[{"time":0,"angle":11.63},{"time":0.5,"angle":-2.2},{"time":1,"angle":11.63}],"translate":[{"time":0,"x":0,"y":0,"curve":"stepped"},{"time":1,"x":0,"y":0}],"scale":[{"time":0,"x":1,"y":1,"curve":"stepped"},{"time":1,"x":1,"y":1}]},"bone48":{"rotate":[{"time":0,"angle":25.02},{"time":0.5,"angle":14.24},{"time":1,"angle":25.02}],"translate":[{"time":0,"x":0,"y":0,"curve":"stepped"},{"time":1,"x":0,"y":0}],"scale":[{"time":0,"x":1,"y":1,"curve":"stepped"},{"time":1,"x":1,"y":1}]},"bone49":{"rotate":[{"time":0,"angle":32.36},{"time":0.5,"angle":25.4},{"time":1,"angle":32.36}],"translate":[{"time":0,"x":0,"y":0,"curve":"stepped"},{"time":1,"x":0,"y":0}],"scale":[{"time":0,"x":1,"y":1,"curve":"stepped"},{"time":1,"x":1,"y":1}]},"bone50":{"rotate":[{"time":0,"angle":31.3},{"time":0.5,"angle":22.03},{"time":1,"angle":31.3}],"translate":[{"time":0,"x":0,"y":0,"curve":"stepped"},{"time":1,"x":0,"y":0}],"scale":[{"time":0,"x":1,"y":1,"curve":"stepped"},{"time":1,"x":1,"y":1}]},"bone43":{"rotate":[{"time":0,"angle":8.79},{"time":0.5,"angle":4.98},{"time":1,"angle":8.79}],"translate":[{"time":0,"x":0,"y":0,"curve":"stepped"},{"time":1,"x":0,"y":0}],"scale":[{"time":0,"x":1,"y":1,"curve":"stepped"},{"time":1,"x":1,"y":1}]},"bone44":{"rotate":[{"time":0,"angle":8.71},{"time":0.5,"angle":1.88},{"time":1,"angle":8.71}],"translate":[{"time":0,"x":0,"y":0,"curve":"stepped"},{"time":1,"x":0,"y":0}],"scale":[{"time":0,"x":1,"y":1,"curve":"stepped"},{"time":1,"x":1,"y":1}]},"bone45":{"rotate":[{"time":0,"angle":13.38},{"time":0.5,"angle":5.04},{"time":1,"angle":13.38}],"translate":[{"time":0,"x":0,"y":0,"curve":"stepped"},{"time":1,"x":0,"y":0}],"scale":[{"time":0,"x":1,"y":1,"curve":"stepped"},{"time":1,"x":1,"y":1}]},"bone46":{"rotate":[{"time":0,"angle":16.58},{"time":0.5,"angle":1.97},{"time":1,"angle":16.58}],"translate":[{"time":0,"x":0,"y":0,"curve":"stepped"},{"time":1,"x":0,"y":0}],"scale":[{"time":0,"x":1,"y":1,"curve":"stepped"},{"time":1,"x":1,"y":1}]},"bone51":{"rotate":[{"time":0,"angle":0},{"time":0.5,"angle":6.24},{"time":1,"angle":0}],"translate":[{"time":0,"x":0,"y":0},{"time":0.5,"x":-0.02,"y":10.18},{"time":1,"x":0,"y":0}],"scale":[{"time":0,"x":1,"y":1,"curve":"stepped"},{"time":1,"x":1,"y":1}]},"bone52":{"rotate":[{"time":0,"angle":0},{"time":0.5,"angle":-8.94},{"time":1,"angle":0}],"translate":[{"time":0,"x":0,"y":0},{"time":0.5,"x":-9.46,"y":-3.78},{"time":1,"x":0,"y":0}],"scale":[{"time":0,"x":1,"y":1,"curve":"stepped"},{"time":0.5,"x":1,"y":1,"curve":"stepped"},{"time":1,"x":1,"y":1}]},"bone53":{"rotate":[{"time":0,"angle":0},{"time":0.5,"angle":-16.33},{"time":1,"angle":0}],"translate":[{"time":0,"x":0,"y":0},{"time":0.5,"x":-1.63,"y":-6.15},{"time":1,"x":0,"y":0}],"scale":[{"time":0,"x":1,"y":1,"curve":"stepped"},{"time":0.5,"x":1,"y":1,"curve":"stepped"},{"time":1,"x":1,"y":1}]},"bone54":{"rotate":[{"time":0,"angle":0},{"time":0.5,"angle":-10.33},{"time":1,"angle":0}],"translate":[{"time":0,"x":0,"y":0},{"time":0.5,"x":-5.6,"y":-4.62},{"time":1,"x":0,"y":0}],"scale":[{"time":0,"x":1,"y":1,"curve":"stepped"},{"time":1,"x":1,"y":1}]},"bone55":{"rotate":[{"time":0,"angle":0},{"time":0.5,"angle":-9.52},{"time":1,"angle":0}],"translate":[{"time":0,"x":0,"y":0},{"time":0.5,"x":-1.54,"y":-2.02},{"time":1,"x":0,"y":0}],"scale":[{"time":0,"x":1,"y":1,"curve":"stepped"},{"time":0.5,"x":1,"y":1,"curve":"stepped"},{"time":1,"x":1,"y":1}]},"bone56":{"rotate":[{"time":0,"angle":0},{"time":0.5,"angle":-10.42},{"time":1,"angle":0}],"translate":[{"time":0,"x":0,"y":0},{"time":0.5,"x":2.39,"y":-5.42},{"time":1,"x":0,"y":0}],"scale":[{"time":0,"x":1,"y":1,"curve":"stepped"},{"time":0.5,"x":1,"y":1,"curve":"stepped"},{"time":1,"x":1,"y":1}]},"bone57":{"rotate":[{"time":0,"angle":0},{"time":0.5,"angle":-13.55},{"time":1,"angle":0}],"translate":[{"time":0,"x":0,"y":0},{"time":0.5,"x":-0.98,"y":-1.25},{"time":1,"x":0,"y":0}],"scale":[{"time":0,"x":1,"y":1,"curve":"stepped"},{"time":0.5,"x":1,"y":1,"curve":"stepped"},{"time":1,"x":1,"y":1}]},"bone59":{"rotate":[{"time":0,"angle":0},{"time":0.5,"angle":24.67},{"time":1,"angle":0}],"translate":[{"time":0,"x":0,"y":0,"curve":"stepped"},{"time":0.5,"x":0,"y":0,"curve":"stepped"},{"time":1,"x":0,"y":0}],"scale":[{"time":0,"x":1,"y":1,"curve":"stepped"},{"time":0.5,"x":1,"y":1,"curve":"stepped"},{"time":1,"x":1,"y":1}]},"bone58":{"rotate":[{"time":0,"angle":12.95},{"time":0.5,"angle":-2.6},{"time":1,"angle":12.95}],"translate":[{"time":0,"x":0.93,"y":2.32},{"time":0.5,"x":-1.03,"y":-2.58},{"time":1,"x":0.93,"y":2.32}],"scale":[{"time":0,"x":1,"y":1,"curve":"stepped"},{"time":0.5,"x":1,"y":1,"curve":"stepped"},{"time":1,"x":1,"y":1}]}}},"idle":{"bones":{"bone13":{"rotate":[{"time":0,"angle":46.2},{"time":0.6666,"angle":33.47},{"time":1.3333,"angle":46.2}],"translate":[{"time":0,"x":0,"y":0,"curve":"stepped"},{"time":0.6666,"x":0,"y":0,"curve":"stepped"},{"time":1.3333,"x":0,"y":0}],"scale":[{"time":0,"x":1,"y":1,"curve":"stepped"},{"time":0.6666,"x":1,"y":1,"curve":"stepped"},{"time":1.3333,"x":1,"y":1}]},"bone4":{"rotate":[{"time":0,"angle":-14.24,"curve":"stepped"},{"time":1.3333,"angle":-14.24}],"translate":[{"time":0,"x":0,"y":0,"curve":"stepped"},{"time":1.3333,"x":0,"y":0}],"scale":[{"time":0,"x":1,"y":1,"curve":"stepped"},{"time":1.3333,"x":1,"y":1}]},"bone":{"rotate":[{"time":0,"angle":-17.08,"curve":"stepped"},{"time":1.3333,"angle":-17.08}],"translate":[{"time":0,"x":0,"y":0,"curve":"stepped"},{"time":1.3333,"x":0,"y":0}],"scale":[{"time":0,"x":1,"y":1,"curve":"stepped"},{"time":1.3333,"x":1,"y":1}]},"bone27":{"rotate":[{"time":0,"angle":-110.31},{"time":0.6666,"angle":65.25},{"time":1.3333,"angle":-110.31}],"translate":[{"time":0,"x":0,"y":0,"curve":"stepped"},{"time":0.6666,"x":0,"y":0,"curve":"stepped"},{"time":1.3333,"x":0,"y":0}],"scale":[{"time":0,"x":0.858,"y":1},{"time":0.6666,"x":1,"y":1},{"time":1.3333,"x":0.858,"y":1}],"flipX":[{"time":0.6666}]},"bone28":{"rotate":[{"time":0,"angle":-87.8},{"time":0.1,"angle":-79.58},{"time":0.1333,"angle":-75.47},{"time":0.5666,"angle":-45.13},{"time":0.6666,"angle":-36.9},{"time":1.0333,"angle":-59.02},{"time":1.3333,"angle":-87.8}],"translate":[{"time":0,"x":0,"y":0,"curve":"stepped"},{"time":0.1,"x":0,"y":0,"curve":"stepped"},{"time":0.1333,"x":0,"y":0,"curve":"stepped"},{"time":0.3,"x":0,"y":0,"curve":"stepped"},{"time":0.6666,"x":0,"y":0,"curve":"stepped"},{"time":1.0333,"x":0,"y":0,"curve":"stepped"},{"time":1.3333,"x":0,"y":0}],"scale":[{"time":0,"x":1,"y":1,"curve":"stepped"},{"time":0.1,"x":1,"y":1,"curve":"stepped"},{"time":0.1333,"x":1,"y":1,"curve":"stepped"},{"time":0.3,"x":1,"y":1,"curve":"stepped"},{"time":0.6666,"x":1,"y":1,"curve":"stepped"},{"time":1.0333,"x":1,"y":1,"curve":"stepped"},{"time":1.3333,"x":1,"y":1}]},"bone31":{"rotate":[{"time":0,"angle":-141.74},{"time":0.1,"angle":210.58},{"time":0.1333,"angle":16.27},{"time":0.4333,"angle":-30.6},{"time":0.6666,"angle":-2.09},{"time":0.8666,"angle":103.61},{"time":1.0333,"angle":198.63},{"time":1.3333,"angle":-141.74}],"translate":[{"time":0,"x":12.4,"y":74.12},{"time":0.1,"x":11.16,"y":65.35},{"time":0.1333,"x":12.44,"y":33.05},{"time":0.4333,"x":8.05,"y":43.43},{"time":0.6666,"x":3.08,"y":8.35},{"time":1.0333,"x":8.05,"y":43.43},{"time":1.3333,"x":12.4,"y":74.12}],"scale":[{"time":0,"x":1,"y":1},{"time":0.1,"x":0.363,"y":1},{"time":0.1333,"x":0.29,"y":1},{"time":0.4333,"x":1,"y":1,"curve":"stepped"},{"time":0.6666,"x":1,"y":1,"curve":"stepped"},{"time":1.0333,"x":1,"y":1,"curve":"stepped"},{"time":1.3333,"x":1,"y":1}]},"bone32":{"rotate":[{"time":0,"angle":-127.08},{"time":0.1,"angle":226.02},{"time":0.1333,"angle":7.59},{"time":0.4333,"angle":-36.59},{"time":0.6666,"angle":-9.65},{"time":0.8666,"angle":102.55},{"time":1.0333,"angle":208.58},{"time":1.3333,"angle":-127.08}],"translate":[{"time":0,"x":16.63,"y":99.36},{"time":0.1,"x":11.03,"y":86.78},{"time":0.1333,"x":16.26,"y":69.7},{"time":0.4333,"x":-2.95,"y":55.34},{"time":0.6666,"x":-25.34,"y":5.03},{"time":1.0333,"x":-2.95,"y":55.34},{"time":1.1666,"x":5.75,"y":74.9},{"time":1.3333,"x":16.63,"y":99.36}],"scale":[{"time":0,"x":1,"y":1},{"time":0.1,"x":0.279,"y":1},{"time":0.1333,"x":0.28,"y":1},{"time":0.4333,"x":1,"y":1,"curve":"stepped"},{"time":0.6666,"x":1,"y":1,"curve":"stepped"},{"time":1.0333,"x":1,"y":1,"curve":"stepped"},{"time":1.3333,"x":1,"y":1}]},"bone30":{"rotate":[{"time":0,"angle":-159.73},{"time":0.1,"angle":181.53},{"time":0.1333,"angle":16.11},{"time":0.4333,"angle":-36.57},{"time":0.6666,"angle":-1.82},{"time":1.0333,"angle":171.95},{"time":1.3333,"angle":-159.73}],"translate":[{"time":0,"x":-45.67,"y":95.19},{"time":0.1,"x":-44.56,"y":84.79},{"time":0.1333,"x":-25.95,"y":55.3},{"time":0.4333,"x":-41.8,"y":58.79},{"time":0.6666,"x":-37.37,"y":17.17},{"time":1.0333,"x":-41.8,"y":58.79},{"time":1.3333,"x":-45.67,"y":95.19}],"scale":[{"time":0,"x":1,"y":1},{"time":0.1,"x":0.361,"y":1},{"time":0.1333,"x":0.298,"y":1},{"time":0.4333,"x":1,"y":1,"curve":"stepped"},{"time":0.6666,"x":1,"y":1,"curve":"stepped"},{"time":1.0333,"x":1,"y":1,"curve":"stepped"},{"time":1.3333,"x":1,"y":1}]},"bone29":{"rotate":[{"time":0,"angle":179.09},{"time":0.1,"angle":173.39},{"time":0.1333,"angle":19.12},{"time":0.4333,"angle":-48.2},{"time":0.6666,"angle":-5.93},{"time":1.0333,"angle":154.7},{"time":1.3333,"angle":179.09}],"translate":[{"time":0,"x":-33.88,"y":39.72},{"time":0.1,"x":-31.99,"y":33.69},{"time":0.1333,"x":-31.04,"y":30.67},{"time":0.4333,"x":-27.26,"y":18.62},{"time":0.6666,"x":-19.7,"y":-5.49},{"time":1.0333,"x":-27.26,"y":18.62},{"time":1.3333,"x":-33.88,"y":39.72}],"scale":[{"time":0,"x":1,"y":1},{"time":0.1,"x":0.411,"y":1},{"time":0.1333,"x":0.204,"y":1},{"time":0.4333,"x":1,"y":1,"curve":"stepped"},{"time":0.6666,"x":1,"y":1,"curve":"stepped"},{"time":1.0333,"x":1,"y":1,"curve":"stepped"},{"time":1.3333,"x":1,"y":1}]},"bone33":{"rotate":[{"time":0,"angle":149.37},{"time":0.1,"angle":154.9},{"time":0.1333,"angle":-12.29},{"time":0.4333,"angle":-48.87},{"time":0.6666,"angle":-6.99},{"time":1.0333,"angle":136.75},{"time":1.3333,"angle":149.37}],"translate":[{"time":0,"x":-14.43,"y":39.7},{"time":0.1,"x":-12.53,"y":33.67},{"time":0.1333,"x":-10.64,"y":27.64},{"time":0.4333,"x":-7.81,"y":18.6},{"time":0.6666,"x":-0.24,"y":-5.5},{"time":1.0333,"x":-7.81,"y":18.6},{"time":1.3333,"x":-14.43,"y":39.7}],"scale":[{"time":0,"x":1,"y":1},{"time":0.1,"x":0.282,"y":1},{"time":0.1333,"x":0.149,"y":1},{"time":0.4333,"x":1,"y":1,"curve":"stepped"},{"time":0.6666,"x":1,"y":1,"curve":"stepped"},{"time":1.0333,"x":1,"y":1,"curve":"stepped"},{"time":1.3333,"x":1,"y":1}]},"bone5":{"rotate":[{"time":0,"angle":-0.97,"curve":"stepped"},{"time":1.3333,"angle":-0.97}],"translate":[{"time":0,"x":0,"y":0,"curve":"stepped"},{"time":1.3333,"x":0,"y":0}],"scale":[{"time":0,"x":1,"y":1,"curve":"stepped"},{"time":1.3333,"x":1,"y":1}]},"root":{"rotate":[{"time":0,"angle":0,"curve":"stepped"},{"time":1.3333,"angle":0}],"translate":[{"time":0,"x":0,"y":0},{"time":0.6666,"x":0,"y":44.01},{"time":1.3333,"x":0,"y":0}],"scale":[{"time":0,"x":1,"y":1,"curve":"stepped"},{"time":1.3333,"x":1,"y":1}]},"bone2":{"rotate":[{"time":0,"angle":0,"curve":"stepped"},{"time":0.1,"angle":0,"curve":"stepped"},{"time":0.1333,"angle":0,"curve":"stepped"},{"time":0.6666,"angle":0,"curve":"stepped"},{"time":1.0333,"angle":0,"curve":"stepped"},{"time":1.3333,"angle":0}],"translate":[{"time":0,"x":0,"y":0,"curve":"stepped"},{"time":0.1,"x":0,"y":0,"curve":"stepped"},{"time":0.1333,"x":0,"y":0,"curve":"stepped"},{"time":0.3,"x":0,"y":0,"curve":"stepped"},{"time":0.6666,"x":0,"y":0,"curve":"stepped"},{"time":1.0333,"x":0,"y":0,"curve":"stepped"},{"time":1.3333,"x":0,"y":0}],"scale":[{"time":0,"x":1,"y":1,"curve":"stepped"},{"time":0.1,"x":1,"y":1,"curve":"stepped"},{"time":0.1333,"x":1,"y":1,"curve":"stepped"},{"time":0.3,"x":1,"y":1,"curve":"stepped"},{"time":0.6666,"x":1,"y":1,"curve":"stepped"},{"time":1.0333,"x":1,"y":1,"curve":"stepped"},{"time":1.3333,"x":1,"y":1}]},"bone12":{"rotate":[{"time":0,"angle":38.01},{"time":0.6666,"angle":33.59},{"time":1.3333,"angle":38.01}],"translate":[{"time":0,"x":0,"y":0,"curve":"stepped"},{"time":1.3333,"x":0,"y":0}],"scale":[{"time":0,"x":1,"y":1,"curve":"stepped"},{"time":1.3333,"x":1,"y":1}]},"bone14":{"rotate":[{"time":0,"angle":1.9},{"time":0.6666,"angle":-9.25},{"time":1.3333,"angle":1.9}],"translate":[{"time":0,"x":-19.71,"y":45.79,"curve":"stepped"},{"time":0.6666,"x":-19.71,"y":45.79,"curve":"stepped"},{"time":1.3333,"x":-19.71,"y":45.79}],"scale":[{"time":0,"x":1,"y":1,"curve":"stepped"},{"time":0.6666,"x":1,"y":1,"curve":"stepped"},{"time":1.3333,"x":1,"y":1}]},"bone24":{"rotate":[{"time":0,"angle":-14.81},{"time":0.6666,"angle":-13.06},{"time":1.3333,"angle":-14.81}],"translate":[{"time":0,"x":0,"y":0,"curve":"stepped"},{"time":1.3333,"x":0,"y":0}],"scale":[{"time":0,"x":1,"y":1,"curve":"stepped"},{"time":1.3333,"x":1,"y":1}]},"bone26":{"rotate":[{"time":0,"angle":0,"curve":"stepped"},{"time":0.6666,"angle":0,"curve":"stepped"},{"time":1.3333,"angle":0}],"translate":[{"time":0,"x":26.13,"y":8.99},{"time":0.6666,"x":19.33,"y":-13.7},{"time":1.3333,"x":26.13,"y":8.99}],"scale":[{"time":0,"x":1,"y":1,"curve":"stepped"},{"time":0.6666,"x":1,"y":1,"curve":"stepped"},{"time":1.3333,"x":1,"y":1}]},"bone3":{"rotate":[{"time":0,"angle":0,"curve":"stepped"},{"time":0.1,"angle":0,"curve":"stepped"},{"time":0.1333,"angle":0,"curve":"stepped"},{"time":0.6666,"angle":0,"curve":"stepped"},{"time":1.0333,"angle":0,"curve":"stepped"},{"time":1.3333,"angle":0}],"translate":[{"time":0,"x":0,"y":0,"curve":"stepped"},{"time":0.1,"x":0,"y":0,"curve":"stepped"},{"time":0.1333,"x":0,"y":0,"curve":"stepped"},{"time":0.3,"x":0,"y":0,"curve":"stepped"},{"time":0.6666,"x":0,"y":0,"curve":"stepped"},{"time":1.0333,"x":0,"y":0,"curve":"stepped"},{"time":1.3333,"x":0,"y":0}],"scale":[{"time":0,"x":1,"y":1,"curve":"stepped"},{"time":0.1,"x":1,"y":1,"curve":"stepped"},{"time":0.1333,"x":1,"y":1,"curve":"stepped"},{"time":0.3,"x":1,"y":1,"curve":"stepped"},{"time":0.6666,"x":1,"y":1,"curve":"stepped"},{"time":1.0333,"x":1,"y":1,"curve":"stepped"},{"time":1.3333,"x":1,"y":1}]},"bone15":{"rotate":[{"time":0,"angle":32.15},{"time":0.6666,"angle":31.46},{"time":1.3333,"angle":32.15}],"translate":[{"time":0,"x":0,"y":0,"curve":"stepped"},{"time":0.6666,"x":0,"y":0,"curve":"stepped"},{"time":1.3333,"x":0,"y":0}],"scale":[{"time":0,"x":1,"y":1,"curve":"stepped"},{"time":0.6666,"x":1,"y":1,"curve":"stepped"},{"time":1.3333,"x":1,"y":1}]},"bone25":{"rotate":[{"time":0,"angle":23.04},{"time":0.6666,"angle":15.29},{"time":1.3333,"angle":23.04}],"translate":[{"time":0,"x":0,"y":0,"curve":"stepped"},{"time":0.6666,"x":0,"y":0,"curve":"stepped"},{"time":1.3333,"x":0,"y":0}],"scale":[{"time":0,"x":1,"y":1,"curve":"stepped"},{"time":0.6666,"x":1,"y":1,"curve":"stepped"},{"time":1.3333,"x":1,"y":1}]},"bone34":{"rotate":[{"time":0,"angle":152.7},{"time":0.6666,"angle":37.04},{"time":1.3333,"angle":152.7}],"translate":[{"time":0,"x":0,"y":0},{"time":0.6666,"x":-44.71,"y":-10.66},{"time":1.3333,"x":0,"y":0}],"scale":[{"time":0,"x":1,"y":1},{"time":0.6666,"x":0.895,"y":1},{"time":1.3333,"x":1,"y":1}]},"bone6":{"rotate":[{"time":0,"angle":3.66},{"time":0.6666,"angle":1.67},{"time":1.3333,"angle":3.66}],"translate":[{"time":0,"x":0,"y":0,"curve":"stepped"},{"time":0.6666,"x":0,"y":0,"curve":"stepped"},{"time":1.3333,"x":0,"y":0}],"scale":[{"time":0,"x":1,"y":1,"curve":"stepped"},{"time":0.6666,"x":1,"y":1,"curve":"stepped"},{"time":1.3333,"x":1,"y":1}]},"bone16":{"rotate":[{"time":0,"angle":0,"curve":"stepped"},{"time":0.1,"angle":0,"curve":"stepped"},{"time":0.1333,"angle":0},{"time":0.6666,"angle":43.87},{"time":1.0333,"angle":0,"curve":"stepped"},{"time":1.3333,"angle":0}],"translate":[{"time":0,"x":0,"y":0,"curve":"stepped"},{"time":0.1,"x":0,"y":0,"curve":"stepped"},{"time":0.1333,"x":0,"y":0,"curve":"stepped"},{"time":0.3,"x":0,"y":0,"curve":"stepped"},{"time":0.6666,"x":0,"y":0,"curve":"stepped"},{"time":1.0333,"x":0,"y":0,"curve":"stepped"},{"time":1.3333,"x":0,"y":0}],"scale":[{"time":0,"x":1,"y":1,"curve":"stepped"},{"time":0.1,"x":1,"y":1,"curve":"stepped"},{"time":0.1333,"x":1,"y":1,"curve":"stepped"},{"time":0.3,"x":1,"y":1,"curve":"stepped"},{"time":0.6666,"x":1,"y":1,"curve":"stepped"},{"time":1.0333,"x":1,"y":1,"curve":"stepped"},{"time":1.3333,"x":1,"y":1}]},"bone17":{"rotate":[{"time":0,"angle":0,"curve":"stepped"},{"time":0.1,"angle":0,"curve":"stepped"},{"time":0.1333,"angle":0},{"time":0.6666,"angle":39.11},{"time":1.0333,"angle":0,"curve":"stepped"},{"time":1.3333,"angle":0}],"translate":[{"time":0,"x":0,"y":0,"curve":"stepped"},{"time":0.1,"x":0,"y":0,"curve":"stepped"},{"time":0.1333,"x":0,"y":0,"curve":"stepped"},{"time":0.3,"x":0,"y":0,"curve":"stepped"},{"time":0.6666,"x":0,"y":0,"curve":"stepped"},{"time":1.0333,"x":0,"y":0,"curve":"stepped"},{"time":1.3333,"x":0,"y":0}],"scale":[{"time":0,"x":1,"y":1,"curve":"stepped"},{"time":0.1,"x":1,"y":1,"curve":"stepped"},{"time":0.1333,"x":1,"y":1,"curve":"stepped"},{"time":0.3,"x":1,"y":1,"curve":"stepped"},{"time":0.6666,"x":1,"y":1,"curve":"stepped"},{"time":1.0333,"x":1,"y":1,"curve":"stepped"},{"time":1.3333,"x":1,"y":1}]},"bone18":{"rotate":[{"time":0,"angle":0},{"time":0.6666,"angle":28.62},{"time":1.3333,"angle":0}],"translate":[{"time":0,"x":0,"y":0,"curve":"stepped"},{"time":0.6666,"x":0,"y":0,"curve":"stepped"},{"time":1.3333,"x":0,"y":0}],"scale":[{"time":0,"x":1,"y":1,"curve":"stepped"},{"time":0.6666,"x":1,"y":1,"curve":"stepped"},{"time":1.3333,"x":1,"y":1}]},"bone19":{"rotate":[{"time":0,"angle":-19.76},{"time":0.1,"angle":0,"curve":"stepped"},{"time":0.1333,"angle":0,"curve":"stepped"},{"time":0.6666,"angle":0,"curve":"stepped"},{"time":1.0333,"angle":0},{"time":1.3333,"angle":-19.76}],"translate":[{"time":0,"x":0,"y":0,"curve":"stepped"},{"time":0.1,"x":0,"y":0,"curve":"stepped"},{"time":0.1333,"x":0,"y":0,"curve":"stepped"},{"time":0.3,"x":0,"y":0,"curve":"stepped"},{"time":0.6666,"x":0,"y":0,"curve":"stepped"},{"time":1.0333,"x":0,"y":0,"curve":"stepped"},{"time":1.3333,"x":0,"y":0}],"scale":[{"time":0,"x":1,"y":1,"curve":"stepped"},{"time":0.1,"x":1,"y":1,"curve":"stepped"},{"time":0.1333,"x":1,"y":1,"curve":"stepped"},{"time":0.3,"x":1,"y":1,"curve":"stepped"},{"time":0.6666,"x":1,"y":1,"curve":"stepped"},{"time":1.0333,"x":1,"y":1,"curve":"stepped"},{"time":1.3333,"x":1,"y":1}]},"bone20":{"rotate":[{"time":0,"angle":-18.16},{"time":0.6666,"angle":0},{"time":1.3333,"angle":-18.16}],"translate":[{"time":0,"x":0,"y":0,"curve":"stepped"},{"time":0.6666,"x":0,"y":0,"curve":"stepped"},{"time":1.3333,"x":0,"y":0}],"scale":[{"time":0,"x":1,"y":1,"curve":"stepped"},{"time":0.6666,"x":1,"y":1,"curve":"stepped"},{"time":1.3333,"x":1,"y":1}]},"bone21":{"rotate":[{"time":0,"angle":-6.3},{"time":0.6666,"angle":24.8},{"time":1.3333,"angle":-6.3}],"translate":[{"time":0,"x":0,"y":0,"curve":"stepped"},{"time":0.6666,"x":0,"y":0,"curve":"stepped"},{"time":1.3333,"x":0,"y":0}],"scale":[{"time":0,"x":1,"y":1,"curve":"stepped"},{"time":0.6666,"x":1,"y":1,"curve":"stepped"},{"time":1.3333,"x":1,"y":1}]},"bone22":{"rotate":[{"time":0,"angle":-12.8},{"time":0.6666,"angle":19.78},{"time":1.3333,"angle":-12.8}],"translate":[{"time":0,"x":0,"y":0,"curve":"stepped"},{"time":0.6666,"x":0,"y":0,"curve":"stepped"},{"time":1.3333,"x":0,"y":0}],"scale":[{"time":0,"x":1,"y":1,"curve":"stepped"},{"time":0.6666,"x":1,"y":1,"curve":"stepped"},{"time":1.3333,"x":1,"y":1}]},"bone23":{"rotate":[{"time":0,"angle":-20.41},{"time":0.6666,"angle":16.44},{"time":1.3333,"angle":-20.41}],"translate":[{"time":0,"x":0,"y":0,"curve":"stepped"},{"time":0.6666,"x":0,"y":0,"curve":"stepped"},{"time":1.3333,"x":0,"y":0}],"scale":[{"time":0,"x":1,"y":1,"curve":"stepped"},{"time":0.6666,"x":1,"y":1,"curve":"stepped"},{"time":1.3333,"x":1,"y":1}]},"bone35":{"rotate":[{"time":0,"angle":-127.25,"curve":"stepped"},{"time":0.1,"angle":-127.25,"curve":"stepped"},{"time":0.1333,"angle":-127.25},{"time":0.4333,"angle":-118.82},{"time":0.6666,"angle":-36.05},{"time":1.0333,"angle":-127.25,"curve":"stepped"},{"time":1.3333,"angle":-127.25}],"translate":[{"time":0,"x":0,"y":0,"curve":"stepped"},{"time":0.1,"x":0,"y":0,"curve":"stepped"},{"time":0.1333,"x":0,"y":0,"curve":"stepped"},{"time":0.3,"x":0,"y":0,"curve":"stepped"},{"time":0.6666,"x":0,"y":0,"curve":"stepped"},{"time":1.0333,"x":0,"y":0,"curve":"stepped"},{"time":1.3333,"x":0,"y":0}],"scale":[{"time":0,"x":1,"y":1,"curve":"stepped"},{"time":0.1,"x":1,"y":1,"curve":"stepped"},{"time":0.1333,"x":1,"y":1,"curve":"stepped"},{"time":0.3,"x":1,"y":1,"curve":"stepped"},{"time":0.6666,"x":1,"y":1,"curve":"stepped"},{"time":1.0333,"x":1,"y":1,"curve":"stepped"},{"time":1.3333,"x":1,"y":1}]},"bone7":{"rotate":[{"time":0,"angle":0.68,"curve":"stepped"},{"time":1.3333,"angle":0.68}],"translate":[{"time":0,"x":9.7,"y":-1.56,"curve":"stepped"},{"time":1.3333,"x":9.7,"y":-1.56}],"scale":[{"time":0,"x":1,"y":1,"curve":"stepped"},{"time":1.3333,"x":1,"y":1}]},"bone36":{"rotate":[{"time":0,"angle":-95.93,"curve":"stepped"},{"time":0.1,"angle":-95.93,"curve":"stepped"},{"time":0.1333,"angle":-95.93},{"time":0.3,"angle":240.59},{"time":0.4333,"angle":220.28},{"time":0.6666,"angle":-0.55},{"time":0.8666,"angle":-1.9},{"time":1.0333,"angle":-13.49},{"time":1.3333,"angle":-95.93}],"translate":[{"time":0,"x":4.35,"y":4.53},{"time":0.1,"x":0,"y":0,"curve":"stepped"},{"time":0.1333,"x":0,"y":0,"curve":"stepped"},{"time":0.3,"x":0,"y":0,"curve":"stepped"},{"time":0.6666,"x":0,"y":0,"curve":"stepped"},{"time":1.0333,"x":0,"y":0},{"time":1.3333,"x":4.35,"y":4.53}],"scale":[{"time":0,"x":1,"y":1,"curve":"stepped"},{"time":0.1,"x":1,"y":1,"curve":"stepped"},{"time":0.1333,"x":1,"y":1},{"time":0.3,"x":0.717,"y":1},{"time":0.4333,"x":0.649,"y":1},{"time":0.6666,"x":1,"y":1,"curve":"stepped"},{"time":1.0333,"x":1,"y":1,"curve":"stepped"},{"time":1.3333,"x":1,"y":1}]},"bone37":{"rotate":[{"time":0,"angle":-89.49,"curve":"stepped"},{"time":0.1,"angle":-89.49,"curve":"stepped"},{"time":0.1333,"angle":-89.49},{"time":0.4333,"angle":237.16},{"time":0.6666,"angle":-9.99},{"time":0.8666,"angle":6.72},{"time":1.0333,"angle":-4.81},{"time":1.3333,"angle":-89.49}],"translate":[{"time":0,"x":0,"y":0,"curve":"stepped"},{"time":0.1,"x":0,"y":0,"curve":"stepped"},{"time":0.1333,"x":0,"y":0,"curve":"stepped"},{"time":0.3,"x":0,"y":0},{"time":0.4333,"x":-25.35,"y":48.09},{"time":0.6666,"x":11.09,"y":16.3},{"time":1.0333,"x":0,"y":0,"curve":"stepped"},{"time":1.3333,"x":0,"y":0}],"scale":[{"time":0,"x":1,"y":1,"curve":"stepped"},{"time":0.1,"x":1,"y":1,"curve":"stepped"},{"time":0.1333,"x":1,"y":1,"curve":"stepped"},{"time":0.3,"x":1,"y":1},{"time":0.4333,"x":0.589,"y":1},{"time":0.6666,"x":1,"y":1,"curve":"stepped"},{"time":1.0333,"x":1,"y":1,"curve":"stepped"},{"time":1.3333,"x":1,"y":1}]},"bone38":{"rotate":[{"time":0,"angle":-78.37,"curve":"stepped"},{"time":0.1,"angle":-78.37,"curve":"stepped"},{"time":0.1333,"angle":-78.37},{"time":0.4333,"angle":266.49},{"time":0.6666,"angle":-14.95},{"time":0.8666,"angle":13.76},{"time":1.0333,"angle":2.35},{"time":1.3333,"angle":-78.37}],"translate":[{"time":0,"x":0,"y":0,"curve":"stepped"},{"time":0.1,"x":0,"y":0,"curve":"stepped"},{"time":0.1333,"x":0,"y":0,"curve":"stepped"},{"time":0.3,"x":0,"y":0},{"time":0.6666,"x":17.35,"y":13.23},{"time":1.0333,"x":0,"y":0,"curve":"stepped"},{"time":1.3333,"x":0,"y":0}],"scale":[{"time":0,"x":1,"y":1,"curve":"stepped"},{"time":0.1,"x":1,"y":1,"curve":"stepped"},{"time":0.1333,"x":1,"y":1,"curve":"stepped"},{"time":0.3,"x":1,"y":1},{"time":0.4333,"x":0.651,"y":1},{"time":0.6666,"x":1,"y":1,"curve":"stepped"},{"time":1.0333,"x":1,"y":1,"curve":"stepped"},{"time":1.3333,"x":1,"y":1}]},"bone39":{"rotate":[{"time":0,"angle":-64.36,"curve":"stepped"},{"time":0.1,"angle":-64.36,"curve":"stepped"},{"time":0.1333,"angle":-64.36},{"time":0.4333,"angle":265.52},{"time":0.6666,"angle":-23.85},{"time":0.8666,"angle":13.88},{"time":1.0333,"angle":-3.94},{"time":1.3333,"angle":-64.36}],"translate":[{"time":0,"x":0,"y":0,"curve":"stepped"},{"time":0.1,"x":0,"y":0,"curve":"stepped"},{"time":0.1333,"x":0,"y":0,"curve":"stepped"},{"time":0.3,"x":0,"y":0},{"time":0.6666,"x":13.63,"y":10.39},{"time":1.0333,"x":0,"y":0,"curve":"stepped"},{"time":1.3333,"x":0,"y":0}],"scale":[{"time":0,"x":1,"y":1,"curve":"stepped"},{"time":0.1,"x":1,"y":1,"curve":"stepped"},{"time":0.1333,"x":1,"y":1},{"time":0.3,"x":0.559,"y":1},{"time":0.4333,"x":0.696,"y":1},{"time":0.6666,"x":1,"y":1,"curve":"stepped"},{"time":1.0333,"x":1,"y":1,"curve":"stepped"},{"time":1.3333,"x":1,"y":1}]},"bone40":{"rotate":[{"time":0,"angle":-111.61,"curve":"stepped"},{"time":0.1,"angle":-111.61,"curve":"stepped"},{"time":0.1333,"angle":-111.61},{"time":0.3,"angle":217.41},{"time":0.4333,"angle":192.79},{"time":0.6666,"angle":0.44},{"time":1.0333,"angle":-20.71},{"time":1.3333,"angle":-111.61}],"translate":[{"time":0,"x":0,"y":0,"curve":"stepped"},{"time":0.1,"x":0,"y":0,"curve":"stepped"},{"time":0.1333,"x":0,"y":0,"curve":"stepped"},{"time":0.3,"x":0,"y":0,"curve":"stepped"},{"time":0.4333,"x":0,"y":0,"curve":"stepped"},{"time":0.6666,"x":0,"y":0,"curve":"stepped"},{"time":1.0333,"x":0,"y":0,"curve":"stepped"},{"time":1.3333,"x":0,"y":0}],"scale":[{"time":0,"x":1,"y":1,"curve":"stepped"},{"time":0.1,"x":1,"y":1,"curve":"stepped"},{"time":0.1333,"x":1,"y":1},{"time":0.3,"x":0.684,"y":1},{"time":0.4333,"x":0.721,"y":1},{"time":0.6666,"x":1,"y":1,"curve":"stepped"},{"time":1.0333,"x":1,"y":1,"curve":"stepped"},{"time":1.3333,"x":1,"y":1}]},"bone8":{"rotate":[{"time":0,"angle":5.65,"curve":"stepped"},{"time":1.3333,"angle":5.65}],"translate":[{"time":0,"x":0,"y":0,"curve":"stepped"},{"time":1.3333,"x":0,"y":0}],"scale":[{"time":0,"x":1,"y":1,"curve":"stepped"},{"time":1.3333,"x":1,"y":1}]},"bone10":{"rotate":[{"time":0,"angle":2.42},{"time":0.6666,"angle":-4.21},{"time":1.3333,"angle":2.42}],"translate":[{"time":0,"x":0,"y":0,"curve":"stepped"},{"time":0.6666,"x":0,"y":0,"curve":"stepped"},{"time":1.3333,"x":0,"y":0}],"scale":[{"time":0,"x":1,"y":1,"curve":"stepped"},{"time":0.6666,"x":1,"y":1,"curve":"stepped"},{"time":1.3333,"x":1,"y":1}]},"bone11":{"rotate":[{"time":0,"angle":346.02},{"time":0.6666,"angle":352.26},{"time":1.3333,"angle":346.02}],"translate":[{"time":0,"x":0,"y":0,"curve":"stepped"},{"time":1.3333,"x":0,"y":0}],"scale":[{"time":0,"x":1,"y":1,"curve":"stepped"},{"time":1.3333,"x":1,"y":1}]},"bone9":{"rotate":[{"time":0,"angle":-14.78},{"time":0.6666,"angle":-16.3},{"time":1.3333,"angle":-14.78}],"translate":[{"time":0,"x":0,"y":0,"curve":"stepped"},{"time":0.6666,"x":0,"y":0,"curve":"stepped"},{"time":1.3333,"x":0,"y":0}],"scale":[{"time":0,"x":1,"y":1,"curve":"stepped"},{"time":0.6666,"x":1,"y":1,"curve":"stepped"},{"time":1.3333,"x":1,"y":1}]},"bone41":{"rotate":[{"time":0,"angle":27.39,"curve":"stepped"},{"time":0.6666,"angle":27.39,"curve":"stepped"},{"time":1.3333,"angle":27.39}],"translate":[{"time":0,"x":0,"y":0,"curve":"stepped"},{"time":1.3333,"x":0,"y":0}],"scale":[{"time":0,"x":1,"y":1,"curve":"stepped"},{"time":1.3333,"x":1,"y":1}]},"bone42":{"rotate":[{"time":0,"angle":4.38},{"time":0.6666,"angle":-11.28},{"time":1.3333,"angle":4.38}]},"bone47":{"rotate":[{"time":0,"angle":11.63},{"time":0.6666,"angle":-23.63},{"time":1.3333,"angle":11.63}],"translate":[{"time":0,"x":0,"y":0,"curve":"stepped"},{"time":1.3333,"x":0,"y":0}],"scale":[{"time":0,"x":1,"y":1,"curve":"stepped"},{"time":1.3333,"x":1,"y":1}]},"bone48":{"rotate":[{"time":0,"angle":25.02},{"time":0.6666,"angle":14.24},{"time":1.3333,"angle":25.02}],"translate":[{"time":0,"x":0,"y":0,"curve":"stepped"},{"time":1.3333,"x":0,"y":0}],"scale":[{"time":0,"x":1,"y":1,"curve":"stepped"},{"time":1.3333,"x":1,"y":1}]},"bone49":{"rotate":[{"time":0,"angle":32.36},{"time":0.6666,"angle":25.4},{"time":1.3333,"angle":32.36}],"translate":[{"time":0,"x":0,"y":0,"curve":"stepped"},{"time":1.3333,"x":0,"y":0}],"scale":[{"time":0,"x":1,"y":1,"curve":"stepped"},{"time":1.3333,"x":1,"y":1}]},"bone50":{"rotate":[{"time":0,"angle":31.3},{"time":0.6666,"angle":22.03},{"time":1.3333,"angle":31.3}],"translate":[{"time":0,"x":0,"y":0,"curve":"stepped"},{"time":1.3333,"x":0,"y":0}],"scale":[{"time":0,"x":1,"y":1,"curve":"stepped"},{"time":1.3333,"x":1,"y":1}]},"bone43":{"rotate":[{"time":0,"angle":8.79},{"time":0.6666,"angle":4.98},{"time":1.3333,"angle":8.79}],"translate":[{"time":0,"x":0,"y":0,"curve":"stepped"},{"time":1.3333,"x":0,"y":0}],"scale":[{"time":0,"x":1,"y":1,"curve":"stepped"},{"time":1.3333,"x":1,"y":1}]},"bone44":{"rotate":[{"time":0,"angle":8.71},{"time":0.6666,"angle":1.88},{"time":1.3333,"angle":8.71}],"translate":[{"time":0,"x":0,"y":0,"curve":"stepped"},{"time":1.3333,"x":0,"y":0}],"scale":[{"time":0,"x":1,"y":1,"curve":"stepped"},{"time":1.3333,"x":1,"y":1}]},"bone45":{"rotate":[{"time":0,"angle":13.38},{"time":0.6666,"angle":5.04},{"time":1.3333,"angle":13.38}],"translate":[{"time":0,"x":0,"y":0,"curve":"stepped"},{"time":1.3333,"x":0,"y":0}],"scale":[{"time":0,"x":1,"y":1,"curve":"stepped"},{"time":1.3333,"x":1,"y":1}]},"bone46":{"rotate":[{"time":0,"angle":16.58},{"time":0.6666,"angle":1.97},{"time":1.3333,"angle":16.58}],"translate":[{"time":0,"x":0,"y":0,"curve":"stepped"},{"time":1.3333,"x":0,"y":0}],"scale":[{"time":0,"x":1,"y":1,"curve":"stepped"},{"time":1.3333,"x":1,"y":1}]},"bone51":{"rotate":[{"time":0,"angle":0},{"time":0.6666,"angle":6.24},{"time":1.3333,"angle":0}],"translate":[{"time":0,"x":0,"y":0},{"time":0.6666,"x":-0.02,"y":10.18},{"time":1.3333,"x":0,"y":0}],"scale":[{"time":0,"x":1,"y":1,"curve":"stepped"},{"time":1.3333,"x":1,"y":1}]},"bone52":{"rotate":[{"time":0,"angle":0},{"time":0.6666,"angle":-8.94},{"time":1.3333,"angle":0}],"translate":[{"time":0,"x":0,"y":0},{"time":0.6666,"x":-9.46,"y":-3.78},{"time":1.3333,"x":0,"y":0}],"scale":[{"time":0,"x":1,"y":1,"curve":"stepped"},{"time":0.6666,"x":1,"y":1,"curve":"stepped"},{"time":1.3333,"x":1,"y":1}]},"bone53":{"rotate":[{"time":0,"angle":0},{"time":0.6666,"angle":-16.33},{"time":1.3333,"angle":0}],"translate":[{"time":0,"x":0,"y":0},{"time":0.6666,"x":-1.63,"y":-6.15},{"time":1.3333,"x":0,"y":0}],"scale":[{"time":0,"x":1,"y":1,"curve":"stepped"},{"time":0.6666,"x":1,"y":1,"curve":"stepped"},{"time":1.3333,"x":1,"y":1}]},"bone54":{"rotate":[{"time":0,"angle":0},{"time":0.6666,"angle":-10.33},{"time":1.3333,"angle":0}],"translate":[{"time":0,"x":0,"y":0},{"time":0.6666,"x":-5.6,"y":-4.62},{"time":1.3333,"x":0,"y":0}],"scale":[{"time":0,"x":1,"y":1,"curve":"stepped"},{"time":1.3333,"x":1,"y":1}]},"bone55":{"rotate":[{"time":0,"angle":0},{"time":0.6666,"angle":-9.52},{"time":1.3333,"angle":0}],"translate":[{"time":0,"x":0,"y":0},{"time":0.6666,"x":-1.54,"y":-2.02},{"time":1.3333,"x":0,"y":0}],"scale":[{"time":0,"x":1,"y":1,"curve":"stepped"},{"time":0.6666,"x":1,"y":1,"curve":"stepped"},{"time":1.3333,"x":1,"y":1}]},"bone56":{"rotate":[{"time":0,"angle":0},{"time":0.6666,"angle":-10.42},{"time":1.3333,"angle":0}],"translate":[{"time":0,"x":0,"y":0},{"time":0.6666,"x":2.39,"y":-5.42},{"time":1.3333,"x":0,"y":0}],"scale":[{"time":0,"x":1,"y":1,"curve":"stepped"},{"time":0.6666,"x":1,"y":1,"curve":"stepped"},{"time":1.3333,"x":1,"y":1}]},"bone57":{"rotate":[{"time":0,"angle":0},{"time":0.6666,"angle":-13.55},{"time":1.3333,"angle":0}],"translate":[{"time":0,"x":0,"y":0},{"time":0.6666,"x":-0.98,"y":-1.25},{"time":1.3333,"x":0,"y":0}],"scale":[{"time":0,"x":1,"y":1,"curve":"stepped"},{"time":0.6666,"x":1,"y":1,"curve":"stepped"},{"time":1.3333,"x":1,"y":1}]},"bone59":{"rotate":[{"time":0,"angle":0},{"time":0.6666,"angle":24.67},{"time":1.3333,"angle":0}],"translate":[{"time":0,"x":0,"y":0,"curve":"stepped"},{"time":0.6666,"x":0,"y":0,"curve":"stepped"},{"time":1.3333,"x":0,"y":0}],"scale":[{"time":0,"x":1,"y":1,"curve":"stepped"},{"time":0.6666,"x":1,"y":1,"curve":"stepped"},{"time":1.3333,"x":1,"y":1}]},"bone58":{"rotate":[{"time":0,"angle":12.95},{"time":0.6666,"angle":-2.6},{"time":1.3333,"angle":12.95}],"translate":[{"time":0,"x":0.93,"y":2.32},{"time":0.6666,"x":-1.03,"y":-2.58},{"time":1.3333,"x":0.93,"y":2.32}],"scale":[{"time":0,"x":1,"y":1,"curve":"stepped"},{"time":0.6666,"x":1,"y":1,"curve":"stepped"},{"time":1.3333,"x":1,"y":1}]}}}}}